,corp1.txt,corp10.txt,corp2.txt,corp3.txt,corp4.txt,corp5.txt,corp6.txt,corp7.txt,corp8.txt,corp9.txt
abl find,0.0,0.0,0.0,0.0,0.0,0.0,0.0,0.0,1.0,0.0
aboard next,0.0,1.0,0.0,0.0,0.0,0.0,0.0,0.0,0.0,0.0
absenc year,0.0,1.0,0.0,0.0,0.0,0.0,0.0,0.0,0.0,0.0
access problem,1.0,0.0,0.0,0.0,0.0,0.0,0.0,0.0,0.0,0.0
accord research,4.0,0.0,0.0,0.0,0.0,0.0,0.0,0.0,0.0,1.0
accord south,0.0,0.0,0.0,1.0,1.0,1.0,0.0,0.0,0.0,0.0
accord studi,0.0,0.0,0.0,0.0,0.0,0.0,0.0,0.0,0.0,1.0
across tropic,0.0,0.0,0.0,0.0,0.0,0.0,0.0,0.0,0.0,1.0
across world,0.0,0.0,0.0,0.0,0.0,0.0,0.0,0.0,1.0,1.0
action need,0.0,0.0,0.0,0.0,0.0,0.0,0.0,0.0,0.0,1.0
activ target,0.0,0.0,0.0,0.0,0.0,0.0,0.0,0.0,0.0,1.0
activ well,0.0,0.0,0.0,0.0,0.0,0.0,1.0,0.0,0.0,0.0
actual get,0.0,0.0,0.0,0.0,0.0,0.0,0.0,0.0,1.0,0.0
ad app,0.0,0.0,1.0,0.0,0.0,0.0,0.0,0.0,0.0,0.0
ad dr,0.0,0.0,0.0,0.0,0.0,0.0,0.0,0.0,0.0,1.0
adapt book,0.0,0.0,0.0,0.0,0.0,0.0,0.0,0.0,1.0,0.0
address issu,1.0,0.0,0.0,0.0,0.0,0.0,0.0,0.0,0.0,0.0
advic uk,0.0,0.0,0.0,0.0,0.0,0.0,1.0,0.0,0.0,0.0
agenc pull,0.0,1.0,0.0,0.0,0.0,0.0,0.0,0.0,0.0,0.0
ago aim,0.0,0.0,0.0,1.0,1.0,1.0,0.0,0.0,0.0,0.0
agreement expand,0.0,0.0,0.0,1.0,1.0,1.0,0.0,0.0,0.0,0.0
ai alreadi,1.0,0.0,0.0,0.0,0.0,0.0,0.0,0.0,0.0,0.0
ai audienc,1.0,0.0,0.0,0.0,0.0,0.0,0.0,0.0,0.0,0.0
ai decis,1.0,0.0,0.0,0.0,0.0,0.0,0.0,0.0,0.0,0.0
ai ethic,1.0,0.0,0.0,0.0,0.0,0.0,0.0,0.0,0.0,0.0
ai still,1.0,0.0,0.0,0.0,0.0,0.0,0.0,0.0,0.0,0.0
ai technolog,1.0,0.0,0.0,0.0,0.0,0.0,0.0,0.0,0.0,0.0
aim boost,0.0,0.0,0.0,1.0,1.0,1.0,0.0,0.0,0.0,0.0
alarm extinct,0.0,0.0,0.0,0.0,0.0,0.0,0.0,0.0,0.0,1.0
algorithm bia,1.0,0.0,0.0,0.0,0.0,0.0,0.0,0.0,0.0,0.0
align bbc,0.0,0.0,0.0,0.0,0.0,0.0,1.0,0.0,0.0,0.0
almost million,0.0,0.0,1.0,0.0,0.0,0.0,0.0,0.0,0.0,0.0
along way,0.0,0.0,0.0,0.0,0.0,0.0,0.0,0.0,1.0,0.0
alreadi alter,1.0,0.0,0.0,0.0,0.0,0.0,0.0,0.0,0.0,0.0
alreadi declar,0.0,1.0,0.0,0.0,0.0,0.0,0.0,0.0,0.0,0.0
also caus,0.0,0.0,0.0,1.0,1.0,1.0,0.0,0.0,0.0,0.0
also current,0.0,0.0,0.0,0.0,0.0,0.0,0.0,1.0,0.0,0.0
also helsinki,0.0,0.0,1.0,0.0,0.0,0.0,0.0,0.0,0.0,0.0
also look,0.0,0.0,0.0,1.0,1.0,1.0,0.0,0.0,0.0,0.0
also predict,0.0,0.0,0.0,1.0,1.0,1.0,0.0,0.0,0.0,0.0
also star,0.0,0.0,0.0,0.0,0.0,0.0,0.0,1.0,0.0,0.0
alter world,1.0,0.0,0.0,0.0,0.0,0.0,0.0,0.0,0.0,0.0
although spaceport,0.0,1.0,0.0,0.0,0.0,0.0,0.0,0.0,0.0,0.0
alway someth,0.0,0.0,0.0,0.0,0.0,0.0,0.0,0.0,1.0,0.0
amazon palm,0.0,0.0,0.0,0.0,0.0,0.0,0.0,0.0,0.0,1.0
amazon roundhous,0.0,0.0,0.0,0.0,0.0,0.0,0.0,0.0,0.0,1.0
amazon tree,0.0,0.0,0.0,0.0,0.0,0.0,0.0,0.0,0.0,1.0
american space,0.0,1.0,0.0,0.0,0.0,0.0,0.0,0.0,0.0,0.0
amir rahimi,0.0,0.0,1.0,0.0,0.0,0.0,0.0,0.0,0.0,0.0
among econom,0.0,0.0,0.0,0.0,0.0,0.0,0.0,0.0,0.0,1.0
among soldier,0.0,0.0,0.0,0.0,0.0,0.0,0.0,0.0,1.0,0.0
analysi team,0.0,0.0,0.0,0.0,0.0,0.0,0.0,0.0,0.0,1.0
analyst invest,0.0,0.0,0.0,1.0,1.0,1.0,0.0,0.0,0.0,0.0
analyz data,1.0,0.0,0.0,0.0,0.0,0.0,0.0,0.0,0.0,0.0
announc iphon,0.0,0.0,0.0,1.0,1.0,1.0,0.0,0.0,0.0,0.0
announc loss,0.0,0.0,1.0,0.0,0.0,0.0,0.0,0.0,0.0,0.0
announc mark,0.0,0.0,0.0,1.0,1.0,1.0,0.0,0.0,0.0,0.0
announc mean,0.0,0.0,0.0,0.0,0.0,0.0,1.0,0.0,0.0,0.0
announc vision,0.0,0.0,1.0,0.0,0.0,0.0,0.0,0.0,0.0,0.0
app purchas,0.0,0.0,1.0,0.0,0.0,0.0,0.0,0.0,0.0,0.0
appl also,0.0,0.0,0.0,1.0,1.0,1.0,0.0,0.0,0.0,0.0
appl announc,0.0,0.0,0.0,1.0,1.0,1.0,0.0,0.0,0.0,0.0
appl bet,0.0,0.0,0.0,1.0,1.0,1.0,0.0,0.0,0.0,0.0
appl move,0.0,0.0,0.0,1.0,1.0,1.0,0.0,0.0,0.0,0.0
appl phone,0.0,0.0,0.0,1.0,1.0,1.0,0.0,0.0,0.0,0.0
appl reveal,0.0,0.0,0.0,1.0,1.0,1.0,0.0,0.0,0.0,0.0
appl said,0.0,0.0,0.0,1.0,1.0,1.0,0.0,0.0,0.0,0.0
appl say,0.0,0.0,0.0,1.0,1.0,1.0,0.0,0.0,0.0,0.0
appl supplier,0.0,0.0,0.0,1.0,1.0,1.0,0.0,0.0,0.0,0.0
appl tv,0.0,0.0,0.0,0.0,0.0,0.0,0.0,0.0,1.0,0.0
applic financ,1.0,0.0,0.0,0.0,0.0,0.0,0.0,0.0,0.0,0.0
approach hurrican,0.0,1.0,0.0,0.0,0.0,0.0,0.0,0.0,0.0,0.0
approach u,1.0,0.0,0.0,0.0,0.0,0.0,0.0,0.0,0.0,0.0
april juli,0.0,0.0,1.0,0.0,0.0,0.0,0.0,0.0,0.0,0.0
april june,0.0,0.0,0.0,0.0,0.0,0.0,0.0,1.0,0.0,0.0
april netflix,0.0,0.0,1.0,0.0,0.0,0.0,0.0,0.0,0.0,0.0
arena doubl,0.0,0.0,0.0,0.0,0.0,0.0,1.0,0.0,0.0,0.0
arena imag,0.0,0.0,0.0,0.0,0.0,0.0,1.0,0.0,0.0,0.0
arena venu,0.0,0.0,0.0,0.0,0.0,0.0,1.0,0.0,0.0,0.0
argu love,0.0,0.0,0.0,0.0,0.0,0.0,0.0,0.0,1.0,0.0
around iphon,0.0,0.0,0.0,1.0,1.0,1.0,0.0,0.0,0.0,0.0
around million,0.0,0.0,0.0,0.0,0.0,0.0,1.0,0.0,0.0,0.0
around moon,0.0,1.0,0.0,0.0,0.0,0.0,0.0,0.0,0.0,0.0
around world,0.0,0.0,0.0,0.0,0.0,0.0,1.0,0.0,0.0,0.0
art execut,0.0,0.0,1.0,0.0,0.0,0.0,0.0,0.0,0.0,0.0
artemi first,0.0,1.0,0.0,0.0,0.0,0.0,0.0,0.0,0.0,0.0
artemi iii,0.0,1.0,0.0,0.0,0.0,0.0,0.0,0.0,0.0,0.0
artemi moon,0.0,1.0,0.0,0.0,0.0,0.0,0.0,0.0,0.0,0.0
artifici intellig,0.0,0.0,0.0,0.0,0.0,0.0,0.0,0.0,0.0,1.0
artist top,0.0,0.0,0.0,0.0,0.0,0.0,0.0,1.0,0.0,0.0
asian countri,0.0,0.0,0.0,1.0,1.0,1.0,0.0,0.0,0.0,0.0
asian nation,0.0,0.0,0.0,1.0,1.0,1.0,0.0,0.0,0.0,0.0
assembl build,0.0,1.0,0.0,0.0,0.0,0.0,0.0,0.0,0.0,0.0
assess analysi,0.0,0.0,0.0,0.0,0.0,0.0,0.0,0.0,0.0,1.0
assess extinct,0.0,0.0,0.0,0.0,0.0,0.0,0.0,0.0,0.0,1.0
assess risk,0.0,0.0,0.0,0.0,0.0,0.0,0.0,0.0,0.0,1.0
assum everyth,0.0,1.0,0.0,0.0,0.0,0.0,0.0,0.0,0.0,0.0
astronaut climb,0.0,1.0,0.0,0.0,0.0,0.0,0.0,0.0,0.0,0.0
astronaut make,0.0,1.0,0.0,0.0,0.0,0.0,0.0,0.0,0.0,0.0
attent around,0.0,0.0,0.0,0.0,0.0,0.0,1.0,0.0,0.0,0.0
attract thousand,0.0,0.0,0.0,0.0,0.0,0.0,1.0,0.0,0.0,0.0
audienc policymak,1.0,0.0,0.0,0.0,0.0,0.0,0.0,0.0,0.0,0.0
audienc support,0.0,0.0,0.0,0.0,0.0,0.0,1.0,0.0,0.0,0.0
avoid disrupt,0.0,0.0,0.0,1.0,1.0,1.0,0.0,0.0,0.0,0.0
award season,0.0,0.0,0.0,0.0,0.0,0.0,0.0,0.0,1.0,0.0
away china,0.0,0.0,0.0,1.0,1.0,1.0,0.0,0.0,0.0,0.0
bachman research,0.0,0.0,0.0,0.0,0.0,0.0,0.0,0.0,0.0,1.0
back engin,0.0,1.0,0.0,0.0,0.0,0.0,0.0,0.0,0.0,0.0
back lift,0.0,0.0,0.0,0.0,0.0,0.0,0.0,0.0,1.0,0.0
backdrop bomb,0.0,0.0,0.0,0.0,0.0,0.0,0.0,0.0,1.0,0.0
bag beer,0.0,0.0,0.0,0.0,0.0,0.0,0.0,0.0,1.0,0.0
bait worth,0.0,0.0,0.0,0.0,0.0,0.0,0.0,0.0,1.0,0.0
bank jp,0.0,0.0,0.0,1.0,1.0,1.0,0.0,0.0,0.0,0.0
base foxconn,0.0,0.0,0.0,1.0,1.0,1.0,0.0,0.0,0.0,0.0
base helsinki,0.0,0.0,1.0,0.0,0.0,0.0,0.0,0.0,0.0,0.0
basket cane,0.0,0.0,0.0,0.0,0.0,0.0,0.0,0.0,0.0,1.0
bbc said,0.0,0.0,0.0,0.0,0.0,0.0,1.0,0.0,0.0,0.0
bbc strateg,0.0,0.0,0.0,0.0,0.0,0.0,1.0,0.0,0.0,0.0
becom differ,0.0,0.0,0.0,0.0,0.0,0.0,0.0,0.0,1.0,0.0
becom fourth,0.0,0.0,0.0,0.0,0.0,0.0,0.0,1.0,0.0,0.0
becom longest,0.0,0.0,0.0,0.0,0.0,0.0,0.0,1.0,0.0,0.0
becom one,0.0,0.0,0.0,0.0,0.0,0.0,0.0,1.0,0.0,0.0
beer back,0.0,0.0,0.0,0.0,0.0,0.0,0.0,0.0,1.0,0.0
beer enlist,0.0,0.0,0.0,0.0,0.0,0.0,0.0,0.0,1.0,0.0
beer friend,0.0,0.0,0.0,0.0,0.0,0.0,0.0,0.0,1.0,0.0
beer mate,0.0,0.0,0.0,0.0,0.0,0.0,0.0,0.0,1.0,0.0
beer run,0.0,0.0,0.0,0.0,0.0,0.0,0.0,0.0,2.0,0.0
begin bst,0.0,1.0,0.0,0.0,0.0,0.0,0.0,0.0,0.0,0.0
behind scene,0.0,0.0,0.0,0.0,0.0,0.0,0.0,1.0,0.0,0.0
believ true,0.0,0.0,0.0,0.0,0.0,0.0,0.0,0.0,1.0,0.0
bellot royal,0.0,0.0,0.0,0.0,0.0,0.0,0.0,0.0,0.0,1.0
best part,0.0,1.0,0.0,0.0,0.0,0.0,0.0,0.0,0.0,0.0
best pictur,0.0,0.0,0.0,0.0,0.0,0.0,0.0,0.0,1.0,0.0
bet big,0.0,0.0,0.0,1.0,1.0,1.0,0.0,0.0,0.0,0.0
bet india,0.0,0.0,0.0,1.0,1.0,1.0,0.0,0.0,0.0,0.0
better idea,0.0,0.0,0.0,0.0,0.0,0.0,0.0,0.0,0.0,2.0
beyond moon,0.0,1.0,0.0,0.0,0.0,0.0,0.0,0.0,0.0,0.0
beyond somewhat,0.0,0.0,0.0,0.0,0.0,0.0,0.0,0.0,1.0,0.0
bia ai,1.0,0.0,0.0,0.0,0.0,0.0,0.0,0.0,0.0,0.0
bieber one,0.0,0.0,0.0,0.0,0.0,0.0,0.0,1.0,0.0,0.0
big make,0.0,0.0,0.0,1.0,1.0,1.0,0.0,0.0,0.0,0.0
biggest histori,0.0,0.0,1.0,0.0,0.0,0.0,0.0,0.0,0.0,0.0
bill safeti,0.0,1.0,0.0,0.0,0.0,0.0,0.0,0.0,0.0,0.0
billboard hot,0.0,0.0,0.0,0.0,0.0,0.0,0.0,1.0,0.0,0.0
billi ray,0.0,0.0,0.0,0.0,0.0,0.0,0.0,1.0,0.0,0.0
billion dollar,0.0,1.0,0.0,0.0,0.0,0.0,0.0,0.0,0.0,0.0
biodivers encompass,0.0,0.0,0.0,0.0,0.0,0.0,0.0,0.0,0.0,1.0
birmingham leed,0.0,0.0,0.0,0.0,0.0,0.0,1.0,0.0,0.0,0.0
blog post,0.0,0.0,1.0,0.0,0.0,0.0,0.0,0.0,0.0,0.0
blood jar,0.0,0.0,0.0,0.0,0.0,0.0,0.0,0.0,1.0,0.0
bomb death,0.0,0.0,0.0,0.0,0.0,0.0,0.0,0.0,1.0,0.0
book best,0.0,0.0,0.0,0.0,0.0,0.0,0.0,0.0,1.0,0.0
book written,0.0,0.0,0.0,0.0,0.0,0.0,0.0,0.0,1.0,0.0
boost countri,0.0,0.0,0.0,1.0,1.0,1.0,0.0,0.0,0.0,0.0
borneo jamaica,0.0,0.0,0.0,0.0,0.0,0.0,0.0,0.0,0.0,1.0
botan garden,0.0,0.0,0.0,0.0,0.0,0.0,0.0,0.0,0.0,1.0
box offic,0.0,0.0,0.0,0.0,0.0,0.0,0.0,2.0,0.0,0.0
boyz ii,0.0,0.0,0.0,0.0,0.0,0.0,0.0,1.0,0.0,0.0
break record,0.0,0.0,0.0,0.0,0.0,0.0,0.0,1.0,0.0,0.0
bridg cambodia,0.0,0.0,0.0,0.0,0.0,0.0,0.0,0.0,0.0,1.0
bridg need,0.0,0.0,0.0,0.0,0.0,0.0,0.0,0.0,0.0,1.0
bring beer,0.0,0.0,0.0,0.0,0.0,0.0,0.0,0.0,1.0,0.0
bring varieti,0.0,0.0,1.0,0.0,0.0,0.0,0.0,0.0,0.0,0.0
british artist,0.0,0.0,0.0,0.0,0.0,0.0,0.0,1.0,0.0,0.0
broadcast provid,0.0,0.0,0.0,0.0,0.0,0.0,1.0,0.0,0.0,0.0
broadcast said,0.0,0.0,0.0,0.0,0.0,0.0,1.0,0.0,0.0,0.0
brutal realiti,0.0,0.0,0.0,0.0,0.0,0.0,0.0,0.0,1.0,0.0
bst edt,0.0,1.0,0.0,0.0,0.0,0.0,0.0,0.0,0.0,0.0
build india,0.0,0.0,0.0,1.0,1.0,1.0,0.0,0.0,0.0,0.0
build materi,0.0,0.0,0.0,0.0,0.0,0.0,0.0,0.0,0.0,1.0
build vab,0.0,1.0,0.0,0.0,0.0,0.0,0.0,0.0,0.0,0.0
build world,0.0,0.0,1.0,0.0,0.0,0.0,0.0,0.0,0.0,0.0
busi pandem,0.0,0.0,0.0,1.0,1.0,1.0,0.0,0.0,0.0,0.0
buy new,0.0,0.0,0.0,1.0,1.0,1.0,0.0,0.0,0.0,0.0
c h,0.0,0.0,0.0,0.0,0.0,0.0,0.0,0.0,0.0,1.0
caledonia sulawesi,0.0,0.0,0.0,0.0,0.0,0.0,0.0,0.0,0.0,1.0
call orion,0.0,1.0,0.0,0.0,0.0,0.0,0.0,0.0,0.0,0.0
camara leret,0.0,0.0,0.0,0.0,0.0,0.0,0.0,0.0,0.0,1.0
cambodia imag,0.0,0.0,0.0,0.0,0.0,0.0,0.0,0.0,0.0,1.0
cameroon imag,0.0,0.0,0.0,0.0,0.0,0.0,0.0,0.0,0.0,1.0
campaign eight,0.0,0.0,0.0,1.0,1.0,1.0,0.0,0.0,0.0,0.0
candl wind,0.0,0.0,0.0,0.0,0.0,0.0,0.0,1.0,0.0,0.0
cane rope,0.0,0.0,0.0,0.0,0.0,0.0,0.0,0.0,0.0,1.0
capsul call,0.0,1.0,0.0,0.0,0.0,0.0,0.0,0.0,0.0,0.0
caption climb,0.0,0.0,0.0,0.0,0.0,0.0,0.0,0.0,0.0,1.0
caption film,0.0,0.0,0.0,0.0,0.0,0.0,0.0,0.0,1.0,0.0
caption glasgow,0.0,0.0,0.0,0.0,0.0,0.0,1.0,0.0,0.0,0.0
caption left,0.0,0.0,0.0,0.0,0.0,0.0,0.0,1.0,0.0,0.0
caption palm,0.0,0.0,0.0,0.0,0.0,0.0,0.0,0.0,0.0,2.0
care crimin,1.0,0.0,0.0,0.0,0.0,0.0,0.0,0.0,0.0,0.0
carey boyz,0.0,0.0,0.0,0.0,0.0,0.0,0.0,1.0,0.0,0.0
caus major,0.0,0.0,0.0,1.0,1.0,1.0,0.0,0.0,0.0,0.0
chain avoid,0.0,0.0,0.0,1.0,1.0,1.0,0.0,0.0,0.0,0.0
chain away,0.0,0.0,0.0,1.0,1.0,1.0,0.0,0.0,0.0,0.0
chan chri,0.0,0.0,0.0,0.0,0.0,0.0,0.0,2.0,0.0,0.0
chanc stage,0.0,0.0,0.0,0.0,0.0,0.0,1.0,0.0,0.0,0.0
chang natur,0.0,0.0,0.0,0.0,0.0,0.0,0.0,0.0,1.0,0.0
charact tell,0.0,0.0,0.0,0.0,0.0,0.0,0.0,0.0,1.0,0.0
chart british,0.0,0.0,0.0,0.0,0.0,0.0,0.0,1.0,0.0,0.0
chart film,0.0,0.0,0.0,0.0,0.0,0.0,0.0,1.0,0.0,0.0
chart histori,0.0,0.0,0.0,0.0,0.0,0.0,0.0,1.0,0.0,0.0
chart simultan,0.0,0.0,0.0,0.0,0.0,0.0,0.0,1.0,0.0,0.0
chart top,0.0,0.0,0.0,0.0,0.0,0.0,0.0,1.0,0.0,0.0
cheaper countri,0.0,0.0,0.0,1.0,1.0,1.0,0.0,0.0,0.0,0.0
cheaper south,0.0,0.0,0.0,1.0,1.0,1.0,0.0,0.0,0.0,0.0
chicki donohu,0.0,0.0,0.0,0.0,0.0,0.0,0.0,0.0,3.0,0.0
china shift,0.0,0.0,0.0,1.0,1.0,1.0,0.0,0.0,0.0,0.0
china us,0.0,0.0,0.0,1.0,1.0,1.0,0.0,0.0,0.0,0.0
china zero,0.0,0.0,0.0,1.0,1.0,1.0,0.0,0.0,0.0,0.0
chines smartphon,0.0,0.0,0.0,1.0,1.0,1.0,0.0,0.0,0.0,0.0
chip factori,0.0,0.0,0.0,1.0,1.0,1.0,0.0,0.0,0.0,0.0
chosen host,0.0,0.0,0.0,0.0,0.0,0.0,1.0,0.0,0.0,0.0
chosen latest,0.0,0.0,0.0,0.0,0.0,0.0,0.0,0.0,1.0,0.0
chri pine,0.0,0.0,0.0,0.0,0.0,0.0,0.0,3.0,0.0,0.0
cinema box,0.0,0.0,0.0,0.0,0.0,0.0,0.0,1.0,0.0,0.0
citi address,1.0,0.0,0.0,0.0,0.0,0.0,0.0,0.0,0.0,0.0
citi content,0.0,0.0,0.0,0.0,0.0,0.0,1.0,0.0,0.0,0.0
citi eurovis,0.0,0.0,0.0,0.0,0.0,0.0,1.0,0.0,0.0,0.0
citi express,0.0,0.0,0.0,0.0,0.0,0.0,1.0,0.0,0.0,0.0
citi region,0.0,0.0,0.0,0.0,0.0,0.0,1.0,0.0,0.0,0.0
citi riversid,0.0,0.0,0.0,0.0,0.0,0.0,1.0,0.0,0.0,0.0
citi score,0.0,0.0,0.0,0.0,0.0,0.0,1.0,0.0,0.0,0.0
class game,0.0,0.0,1.0,0.0,0.0,0.0,0.0,0.0,0.0,0.0
climat offici,0.0,0.0,0.0,0.0,0.0,0.0,0.0,0.0,0.0,1.0
climb aboard,0.0,1.0,0.0,0.0,0.0,0.0,0.0,0.0,0.0,0.0
climb palm,0.0,0.0,0.0,0.0,0.0,0.0,0.0,0.0,0.0,1.0
climb plant,0.0,0.0,0.0,0.0,0.0,0.0,0.0,0.0,0.0,1.0
close make,1.0,0.0,0.0,0.0,0.0,0.0,0.0,0.0,0.0,0.0
co found,0.0,0.0,1.0,0.0,0.0,0.0,0.0,0.0,0.0,0.0
coast florida,0.0,1.0,0.0,0.0,0.0,0.0,0.0,0.0,0.0,0.0
coconut palm,0.0,0.0,0.0,0.0,0.0,0.0,0.0,0.0,0.0,1.0
collect data,0.0,0.0,0.0,0.0,0.0,0.0,0.0,0.0,0.0,1.0
come home,0.0,1.0,0.0,0.0,0.0,0.0,0.0,0.0,0.0,0.0
come tension,0.0,0.0,0.0,0.0,0.0,0.0,0.0,0.0,1.0,0.0
commerci grown,0.0,0.0,0.0,0.0,0.0,0.0,0.0,0.0,0.0,1.0
commit made,0.0,0.0,0.0,0.0,0.0,0.0,1.0,0.0,0.0,0.0
commun across,0.0,0.0,0.0,0.0,0.0,0.0,0.0,0.0,0.0,1.0
compani make,0.0,0.0,0.0,1.0,1.0,1.0,0.0,0.0,0.0,0.0
compani oxenfre,0.0,0.0,1.0,0.0,0.0,0.0,0.0,0.0,0.0,0.0
compani sign,0.0,0.0,0.0,1.0,1.0,1.0,0.0,0.0,0.0,0.0
compet much,0.0,0.0,0.0,1.0,1.0,1.0,0.0,0.0,0.0,0.0
competit next,0.0,0.0,0.0,0.0,0.0,0.0,1.0,0.0,0.0,0.0
compon tax,0.0,0.0,0.0,1.0,1.0,1.0,0.0,0.0,0.0,0.0
comprehens overview,1.0,0.0,0.0,0.0,0.0,0.0,0.0,0.0,0.0,0.0
concern extinct,0.0,0.0,0.0,0.0,0.0,0.0,0.0,0.0,0.0,1.0
confront quit,0.0,0.0,0.0,0.0,0.0,0.0,0.0,0.0,1.0,0.0
conserv activ,0.0,0.0,0.0,0.0,0.0,0.0,0.0,0.0,0.0,1.0
conserv assess,0.0,0.0,0.0,0.0,0.0,0.0,0.0,0.0,0.0,1.0
conserv plant,0.0,0.0,0.0,0.0,0.0,0.0,0.0,0.0,0.0,1.0
conserv work,0.0,0.0,0.0,0.0,0.0,0.0,0.0,0.0,0.0,1.0
consum costli,0.0,0.0,0.0,0.0,0.0,0.0,0.0,0.0,0.0,1.0
content cut,0.0,0.0,0.0,0.0,0.0,0.0,1.0,0.0,0.0,0.0
contest commit,0.0,0.0,0.0,0.0,0.0,0.0,1.0,0.0,0.0,0.0
contest organis,0.0,0.0,0.0,0.0,0.0,0.0,1.0,0.0,0.0,0.0
contest select,0.0,0.0,0.0,0.0,0.0,0.0,1.0,0.0,0.0,0.0
contest shortlist,0.0,0.0,0.0,0.0,0.0,0.0,1.0,0.0,0.0,0.0
continu domin,0.0,0.0,0.0,1.0,1.0,1.0,0.0,0.0,0.0,0.0
contrast regulatori,1.0,0.0,0.0,0.0,0.0,0.0,0.0,0.0,0.0,0.0
contribut strength,0.0,0.0,0.0,0.0,0.0,0.0,1.0,0.0,0.0,0.0
coolest gestur,0.0,0.0,0.0,0.0,0.0,0.0,0.0,0.0,1.0,0.0
costli prompt,0.0,0.0,0.0,0.0,0.0,0.0,0.0,0.0,0.0,1.0
could stage,0.0,0.0,0.0,0.0,0.0,0.0,1.0,0.0,0.0,0.0
could stay,0.0,1.0,0.0,0.0,0.0,0.0,0.0,0.0,0.0,0.0
could vanish,0.0,0.0,0.0,0.0,0.0,0.0,0.0,0.0,0.0,1.0
countri govern,0.0,0.0,0.0,1.0,1.0,1.0,0.0,0.0,0.0,0.0
countri high,0.0,0.0,0.0,1.0,1.0,1.0,0.0,0.0,0.0,0.0
countri increas,0.0,0.0,0.0,1.0,1.0,1.0,0.0,0.0,0.0,0.0
countri manufactur,0.0,0.0,0.0,1.0,1.0,1.0,0.0,0.0,0.0,0.0
countri risk,0.0,0.0,0.0,0.0,0.0,0.0,0.0,0.0,0.0,1.0
countri tension,0.0,0.0,0.0,1.0,1.0,1.0,0.0,0.0,0.0,0.0
covid polici,0.0,0.0,0.0,1.0,1.0,1.0,0.0,0.0,0.0,0.0
crate beer,0.0,0.0,0.0,0.0,0.0,0.0,0.0,0.0,1.0,0.0
crawler transport,0.0,1.0,0.0,0.0,0.0,0.0,0.0,0.0,0.0,0.0
creat studio,0.0,0.0,1.0,0.0,0.0,0.0,0.0,0.0,0.0,0.0
creativ economi,0.0,0.0,0.0,0.0,0.0,0.0,1.0,0.0,0.0,0.0
crimin justic,1.0,0.0,0.0,0.0,0.0,0.0,0.0,0.0,0.0,0.0
criteria includ,0.0,0.0,0.0,0.0,0.0,0.0,1.0,0.0,0.0,0.0
crop coconut,0.0,0.0,0.0,0.0,0.0,0.0,0.0,0.0,0.0,1.0
crow may,0.0,0.0,0.0,0.0,0.0,0.0,0.0,0.0,1.0,0.0
crowd outsid,0.0,0.0,0.0,0.0,0.0,0.0,1.0,0.0,0.0,0.0
crucial accord,1.0,0.0,0.0,0.0,0.0,0.0,0.0,0.0,0.0,0.0
crucial technolog,2.0,0.0,0.0,0.0,0.0,0.0,0.0,0.0,0.0,0.0
cultur music,0.0,0.0,0.0,0.0,0.0,0.0,1.0,0.0,0.0,0.0
cultur offer,0.0,0.0,0.0,0.0,0.0,0.0,1.0,0.0,0.0,0.0
current number,0.0,0.0,0.0,0.0,0.0,0.0,0.0,1.0,0.0,0.0
cut seven,0.0,0.0,0.0,0.0,0.0,0.0,1.0,0.0,0.0,0.0
cyru hold,0.0,0.0,0.0,0.0,0.0,0.0,0.0,1.0,0.0,0.0
cámara leret,0.0,0.0,0.0,0.0,0.0,0.0,0.0,0.0,0.0,1.0
daddi yanke,0.0,0.0,0.0,0.0,0.0,0.0,0.0,1.0,0.0,0.0
darkest moment,0.0,0.0,0.0,0.0,0.0,0.0,0.0,0.0,1.0,0.0
darl direct,0.0,0.0,0.0,0.0,0.0,0.0,0.0,2.0,0.0,0.0
data access,1.0,0.0,0.0,0.0,0.0,0.0,0.0,0.0,0.0,0.0
data done,0.0,0.0,0.0,0.0,0.0,0.0,0.0,0.0,0.0,1.0
data give,0.0,0.0,0.0,0.0,0.0,0.0,0.0,0.0,0.0,1.0
data suggest,0.0,0.0,0.0,0.0,0.0,0.0,0.0,0.0,0.0,1.0
data use,1.0,0.0,0.0,0.0,0.0,0.0,0.0,0.0,0.0,0.0
date make,0.0,0.0,0.0,0.0,0.0,0.0,0.0,0.0,0.0,1.0
day mariah,0.0,0.0,0.0,0.0,0.0,0.0,0.0,1.0,0.0,0.0
death blood,0.0,0.0,0.0,0.0,0.0,0.0,0.0,0.0,1.0,0.0
decid could,0.0,0.0,0.0,0.0,0.0,0.0,1.0,0.0,0.0,0.0
decis made,0.0,0.0,0.0,0.0,0.0,0.0,1.0,0.0,0.0,0.0
declar state,0.0,1.0,0.0,0.0,0.0,0.0,0.0,0.0,0.0,0.0
deepli engag,0.0,0.0,1.0,0.0,0.0,0.0,0.0,0.0,0.0,0.0
delay maiden,0.0,1.0,0.0,0.0,0.0,0.0,0.0,0.0,0.0,0.0
delight deepli,0.0,0.0,1.0,0.0,0.0,0.0,0.0,0.0,0.0,0.0
deliv beer,0.0,0.0,0.0,0.0,0.0,0.0,0.0,0.0,1.0,0.0
deliv crate,0.0,0.0,0.0,0.0,0.0,0.0,0.0,0.0,1.0,0.0
deliv requir,0.0,0.0,0.0,0.0,0.0,0.0,1.0,0.0,0.0,0.0
demonstr ai,1.0,0.0,0.0,0.0,0.0,0.0,0.0,0.0,0.0,0.0
demonstr hardwar,0.0,1.0,0.0,0.0,0.0,0.0,0.0,0.0,0.0,0.0
desanti alreadi,0.0,1.0,0.0,0.0,0.0,0.0,0.0,0.0,0.0,0.0
design madagascar,0.0,0.0,0.0,0.0,0.0,0.0,0.0,0.0,0.0,1.0
despacito lui,0.0,0.0,0.0,0.0,0.0,0.0,0.0,1.0,0.0,0.0
despit widespread,3.0,0.0,0.0,0.0,0.0,0.0,0.0,0.0,0.0,0.0
develop night,0.0,0.0,1.0,0.0,0.0,0.0,0.0,0.0,0.0,0.0
differ guy,0.0,0.0,0.0,0.0,0.0,0.0,0.0,0.0,1.0,0.0
direct olivia,0.0,0.0,0.0,0.0,0.0,0.0,0.0,1.0,0.0,0.0
direct partner,0.0,0.0,0.0,0.0,0.0,0.0,0.0,1.0,0.0,0.0
direct star,0.0,0.0,0.0,0.0,0.0,0.0,0.0,1.0,0.0,0.0
directli fire,0.0,1.0,0.0,0.0,0.0,0.0,0.0,0.0,0.0,0.0
director peter,0.0,0.0,0.0,0.0,0.0,0.0,0.0,0.0,1.0,0.0
discuss novel,1.0,0.0,0.0,0.0,0.0,0.0,0.0,0.0,0.0,0.0
disrupt busi,0.0,0.0,0.0,1.0,1.0,1.0,0.0,0.0,0.0,0.0
disrupt tension,0.0,0.0,0.0,1.0,1.0,1.0,0.0,0.0,0.0,0.0
diversifi suppli,0.0,0.0,0.0,2.0,2.0,2.0,0.0,0.0,0.0,0.0
dollar rocket,0.0,1.0,0.0,0.0,0.0,0.0,0.0,0.0,0.0,0.0
domin indian,0.0,0.0,0.0,1.0,1.0,1.0,0.0,0.0,0.0,0.0
done without,0.0,0.0,0.0,0.0,0.0,0.0,0.0,0.0,0.0,1.0
donohu actual,0.0,0.0,0.0,0.0,0.0,0.0,0.0,0.0,1.0,0.0
donohu pictur,0.0,0.0,0.0,0.0,0.0,0.0,0.0,0.0,1.0,0.0
donohu serv,0.0,0.0,0.0,0.0,0.0,0.0,0.0,0.0,1.0,0.0
donohu tri,0.0,0.0,0.0,0.0,0.0,0.0,0.0,0.0,1.0,0.0
donohu us,0.0,0.0,0.0,0.0,0.0,0.0,0.0,0.0,1.0,0.0
donohu zac,0.0,0.0,0.0,0.0,0.0,0.0,0.0,0.0,1.0,0.0
doubl venu,0.0,0.0,0.0,0.0,0.0,0.0,1.0,0.0,0.0,0.0
dr rodrigo,0.0,0.0,0.0,0.0,0.0,0.0,0.0,0.0,0.0,1.0
dr sidoni,0.0,0.0,0.0,0.0,0.0,0.0,0.0,0.0,0.0,1.0
dr steven,0.0,0.0,0.0,0.0,0.0,0.0,0.0,0.0,0.0,1.0
drama screen,0.0,0.0,0.0,0.0,0.0,0.0,0.0,1.0,0.0,0.0
drink shelter,0.0,0.0,0.0,0.0,0.0,0.0,0.0,0.0,0.0,1.0
drop wipe,0.0,0.0,1.0,0.0,0.0,0.0,0.0,0.0,0.0,0.0
dubai buy,0.0,0.0,0.0,1.0,1.0,1.0,0.0,0.0,0.0,0.0
dumbest thing,0.0,0.0,0.0,0.0,0.0,0.0,0.0,0.0,1.0,0.0
duti compon,0.0,0.0,0.0,1.0,1.0,1.0,0.0,0.0,0.0,0.0
earli bet,0.0,0.0,0.0,1.0,1.0,1.0,0.0,0.0,0.0,0.0
earlier month,0.0,0.0,0.0,2.0,2.0,2.0,0.0,0.0,1.0,0.0
earliest possibl,0.0,1.0,0.0,0.0,0.0,0.0,0.0,0.0,0.0,0.0
east asian,0.0,0.0,0.0,1.0,1.0,1.0,0.0,0.0,0.0,0.0
eastward put,0.0,1.0,0.0,0.0,0.0,0.0,0.0,0.0,0.0,0.0
ecolog evolut,0.0,0.0,0.0,0.0,0.0,0.0,0.0,0.0,0.0,1.0
econom import,0.0,0.0,0.0,0.0,0.0,0.0,0.0,0.0,0.0,1.0
economi govern,1.0,0.0,0.0,0.0,0.0,0.0,0.0,0.0,0.0,0.0
economi uk,0.0,0.0,0.0,0.0,0.0,0.0,1.0,0.0,0.0,0.0
effort establish,0.0,0.0,1.0,0.0,0.0,0.0,0.0,0.0,0.0,0.0
efron argu,0.0,0.0,0.0,0.0,0.0,0.0,0.0,0.0,1.0,0.0
efron efron,0.0,0.0,0.0,0.0,0.0,0.0,0.0,0.0,1.0,0.0
efron imag,0.0,0.0,0.0,0.0,0.0,0.0,0.0,0.0,1.0,0.0
efron part,0.0,0.0,0.0,0.0,0.0,0.0,0.0,0.0,1.0,0.0
efron russel,0.0,0.0,0.0,0.0,0.0,0.0,0.0,0.0,1.0,0.0
efron say,0.0,0.0,0.0,0.0,0.0,0.0,0.0,0.0,1.0,0.0
eight year,0.0,0.0,0.0,1.0,1.0,1.0,0.0,0.0,0.0,0.0
either glasgow,0.0,0.0,0.0,0.0,0.0,0.0,1.0,0.0,0.0,0.0
electron art,0.0,0.0,1.0,0.0,0.0,0.0,0.0,0.0,0.0,0.0
element abl,0.0,0.0,0.0,0.0,0.0,0.0,0.0,0.0,1.0,0.0
elton john,0.0,0.0,0.0,0.0,0.0,0.0,0.0,1.0,0.0,0.0
eminem princ,0.0,0.0,0.0,0.0,0.0,0.0,0.0,1.0,0.0,0.0
emphasis need,0.0,0.0,0.0,0.0,0.0,0.0,0.0,0.0,0.0,1.0
enabl lift,0.0,1.0,0.0,0.0,0.0,0.0,0.0,0.0,0.0,0.0
enabl peopl,1.0,0.0,0.0,0.0,0.0,0.0,0.0,0.0,0.0,0.0
encompass thousand,0.0,0.0,0.0,0.0,0.0,0.0,0.0,0.0,0.0,1.0
end one,0.0,0.0,0.0,0.0,0.0,0.0,0.0,0.0,1.0,0.0
engag origin,0.0,0.0,1.0,0.0,0.0,0.0,0.0,0.0,0.0,0.0
engin therefor,0.0,1.0,0.0,0.0,0.0,0.0,0.0,0.0,0.0,0.0
engin workshop,0.0,1.0,0.0,0.0,0.0,0.0,0.0,0.0,0.0,0.0
enjoy signific,0.0,0.0,0.0,0.0,0.0,0.0,0.0,1.0,0.0,0.0
enlist men,0.0,0.0,0.0,0.0,0.0,0.0,0.0,0.0,1.0,0.0
entir palm,0.0,0.0,0.0,0.0,0.0,0.0,0.0,0.0,0.0,1.0
escap worst,0.0,1.0,0.0,0.0,0.0,0.0,0.0,0.0,0.0,0.0
establish figur,0.0,0.0,1.0,0.0,0.0,0.0,0.0,0.0,0.0,0.0
establish game,0.0,0.0,1.0,0.0,0.0,0.0,0.0,0.0,0.0,0.0
ethic transpar,1.0,0.0,0.0,0.0,0.0,0.0,0.0,0.0,0.0,0.0
europ tree,0.0,0.0,0.0,0.0,0.0,0.0,0.0,0.0,0.0,1.0
european union,1.0,0.0,0.0,0.0,0.0,0.0,0.0,0.0,0.0,0.0
eurovis forc,0.0,0.0,0.0,0.0,0.0,0.0,1.0,0.0,0.0,0.0
eurovis host,0.0,0.0,0.0,0.0,0.0,0.0,1.0,0.0,0.0,0.0
eurovis movi,0.0,0.0,0.0,0.0,0.0,0.0,1.0,0.0,0.0,0.0
eurovis song,0.0,0.0,0.0,0.0,0.0,0.0,1.0,0.0,0.0,0.0
even full,0.0,0.0,0.0,0.0,0.0,0.0,0.0,0.0,0.0,1.0
even second,0.0,1.0,0.0,0.0,0.0,0.0,0.0,0.0,0.0,0.0
event includ,0.0,0.0,0.0,0.0,0.0,0.0,1.0,0.0,0.0,0.0
eventu see,0.0,1.0,0.0,0.0,0.0,0.0,0.0,0.0,0.0,0.0
ever follow,0.0,0.0,0.0,0.0,0.0,0.0,0.0,0.0,1.0,0.0
ever heard,0.0,0.0,0.0,0.0,0.0,0.0,0.0,0.0,1.0,0.0
ever kind,0.0,0.0,0.0,0.0,0.0,0.0,0.0,0.0,1.0,0.0
everi walk,1.0,0.0,0.0,0.0,0.0,0.0,0.0,0.0,0.0,0.0
everyth work,0.0,1.0,0.0,0.0,0.0,0.0,0.0,0.0,0.0,0.0
evolut least,0.0,0.0,0.0,0.0,0.0,0.0,0.0,0.0,0.0,1.0
excit manufactur,0.0,0.0,0.0,1.0,1.0,1.0,0.0,0.0,0.0,0.0
execut marko,0.0,0.0,1.0,0.0,0.0,0.0,0.0,0.0,0.0,0.0
expand facil,0.0,0.0,0.0,1.0,1.0,1.0,0.0,0.0,0.0,0.0
expect appl,0.0,0.0,0.0,1.0,1.0,1.0,0.0,0.0,0.0,0.0
expect begin,0.0,1.0,0.0,0.0,0.0,0.0,0.0,0.0,0.0,0.0
expect ladbibl,0.0,0.0,0.0,0.0,0.0,0.0,0.0,0.0,1.0,0.0
expect make,0.0,1.0,0.0,0.0,0.0,0.0,0.0,0.0,0.0,0.0
expect track,0.0,1.0,0.0,0.0,0.0,0.0,0.0,0.0,0.0,0.0
expedit dumbest,0.0,0.0,0.0,0.0,0.0,0.0,0.0,0.0,1.0,0.0
expedit must,0.0,0.0,0.0,0.0,0.0,0.0,0.0,0.0,1.0,0.0
experienc combat,0.0,0.0,0.0,0.0,0.0,0.0,0.0,0.0,1.0,0.0
explain ai,1.0,0.0,0.0,0.0,0.0,0.0,0.0,0.0,0.0,0.0
express interest,0.0,0.0,0.0,0.0,0.0,0.0,1.0,0.0,0.0,0.0
extinct accord,0.0,0.0,0.0,0.0,0.0,0.0,0.0,0.0,0.0,1.0
extinct alarm,0.0,0.0,0.0,0.0,0.0,0.0,0.0,0.0,0.0,1.0
extinct one,0.0,0.0,0.0,0.0,0.0,0.0,0.0,0.0,0.0,1.0
extinct risk,0.0,0.0,0.0,0.0,0.0,0.0,0.0,0.0,0.0,2.0
extinct threat,0.0,0.0,0.0,0.0,0.0,0.0,0.0,0.0,0.0,1.0
face extinct,0.0,0.0,0.0,0.0,0.0,0.0,0.0,0.0,0.0,2.0
facil north,0.0,0.0,0.0,1.0,1.0,1.0,0.0,0.0,0.0,0.0
factori appl,0.0,0.0,0.0,1.0,1.0,1.0,0.0,0.0,0.0,0.0
famili hundr,0.0,0.0,0.0,0.0,0.0,0.0,0.0,0.0,0.0,1.0
famili provid,0.0,0.0,0.0,0.0,0.0,0.0,0.0,0.0,0.0,1.0
famili tall,0.0,0.0,0.0,0.0,0.0,0.0,0.0,0.0,0.0,1.0
familiar technolog,1.0,0.0,0.0,0.0,0.0,0.0,0.0,0.0,0.0,0.0
famou vehicl,0.0,1.0,0.0,0.0,0.0,0.0,0.0,0.0,0.0,0.0
fan go,0.0,0.0,0.0,0.0,0.0,0.0,0.0,1.0,0.0,0.0
farmvil leadership,0.0,0.0,1.0,0.0,0.0,0.0,0.0,0.0,0.0,0.0
farrelli previou,0.0,0.0,0.0,0.0,0.0,0.0,0.0,0.0,1.0,0.0
farrelli told,0.0,0.0,0.0,0.0,0.0,0.0,0.0,0.0,1.0,0.0
featur billi,0.0,0.0,0.0,0.0,0.0,0.0,0.0,1.0,0.0,0.0
featur film,0.0,0.0,0.0,0.0,0.0,0.0,0.0,0.0,1.0,0.0
feel littl,0.0,0.0,0.0,0.0,0.0,0.0,0.0,0.0,1.0,0.0
ferrel eurovis,0.0,0.0,0.0,0.0,0.0,0.0,1.0,0.0,0.0,0.0
feud product,0.0,0.0,0.0,0.0,0.0,0.0,0.0,1.0,0.0,0.0
fight vietnam,0.0,0.0,0.0,0.0,0.0,0.0,0.0,0.0,1.0,0.0
figur game,0.0,0.0,1.0,0.0,0.0,0.0,0.0,0.0,0.0,0.0
film adapt,0.0,0.0,0.0,0.0,0.0,0.0,0.0,0.0,1.0,0.0
film enjoy,0.0,0.0,0.0,0.0,0.0,0.0,0.0,1.0,0.0,0.0
film feel,0.0,0.0,0.0,0.0,0.0,0.0,0.0,0.0,1.0,0.0
film green,0.0,0.0,0.0,0.0,0.0,0.0,0.0,0.0,1.0,0.0
film premier,0.0,0.0,0.0,0.0,0.0,0.0,0.0,0.0,1.0,0.0
film releas,0.0,0.0,0.0,0.0,0.0,0.0,0.0,0.0,1.0,0.0
film worri,0.0,0.0,0.0,0.0,0.0,0.0,0.0,2.0,0.0,0.0
final decis,0.0,0.0,0.0,0.0,0.0,0.0,1.0,0.0,0.0,0.0
final two,0.0,0.0,0.0,0.0,0.0,0.0,1.0,0.0,0.0,0.0
financ nation,1.0,0.0,0.0,0.0,0.0,0.0,0.0,0.0,0.0,0.0
financi contribut,0.0,0.0,0.0,0.0,0.0,0.0,1.0,0.0,0.0,0.0
find darkest,0.0,0.0,0.0,0.0,0.0,0.0,0.0,0.0,1.0,0.0
finland led,0.0,0.0,1.0,0.0,0.0,0.0,0.0,0.0,0.0,0.0
fire line,0.0,1.0,0.0,0.0,0.0,0.0,0.0,0.0,0.0,0.0
firm market,0.0,0.0,1.0,0.0,0.0,0.0,0.0,0.0,0.0,0.0
first quarterli,0.0,0.0,1.0,0.0,0.0,0.0,0.0,0.0,0.0,0.0
first seri,0.0,1.0,0.0,0.0,0.0,0.0,0.0,0.0,0.0,0.0
flagship make,0.0,0.0,0.0,1.0,1.0,1.0,0.0,0.0,0.0,0.0
fli dubai,0.0,0.0,0.0,1.0,1.0,1.0,0.0,0.0,0.0,0.0
flight sl,0.0,2.0,0.0,0.0,0.0,0.0,0.0,0.0,0.0,0.0
florenc pugh,0.0,0.0,0.0,0.0,0.0,0.0,0.0,1.0,0.0,0.0
florida approach,0.0,1.0,0.0,0.0,0.0,0.0,0.0,0.0,0.0,0.0
florida governor,0.0,1.0,0.0,0.0,0.0,0.0,0.0,0.0,0.0,0.0
florida panhandl,0.0,1.0,0.0,0.0,0.0,0.0,0.0,0.0,0.0,0.0
florida thursday,0.0,1.0,0.0,0.0,0.0,0.0,0.0,0.0,0.0,0.0
follow footstep,0.0,0.0,0.0,0.0,0.0,0.0,0.0,1.0,0.0,0.0
follow true,0.0,0.0,0.0,0.0,0.0,0.0,0.0,0.0,1.0,0.0
fonsi daddi,0.0,0.0,0.0,0.0,0.0,0.0,0.0,1.0,0.0,0.0
food drink,0.0,0.0,0.0,0.0,0.0,0.0,0.0,0.0,0.0,1.0
food medicin,0.0,0.0,0.0,0.0,0.0,0.0,0.0,0.0,0.0,1.0
footprint countri,0.0,0.0,0.0,1.0,1.0,1.0,0.0,0.0,0.0,0.0
footstep eminem,0.0,0.0,0.0,0.0,0.0,0.0,0.0,1.0,0.0,0.0
forc show,0.0,0.0,0.0,0.0,0.0,0.0,1.0,0.0,0.0,0.0
forecast kennedi,0.0,1.0,0.0,0.0,0.0,0.0,0.0,0.0,0.0,0.0
forecast model,0.0,1.0,0.0,0.0,0.0,0.0,0.0,0.0,0.0,0.0
former one,0.0,0.0,0.0,0.0,0.0,0.0,0.0,1.0,0.0,0.0
former zynga,0.0,0.0,1.0,0.0,0.0,0.0,0.0,0.0,0.0,0.0
found zynga,0.0,0.0,1.0,0.0,0.0,0.0,0.0,0.0,0.0,0.0
four month,0.0,0.0,0.0,0.0,0.0,0.0,0.0,0.0,1.0,0.0
four year,0.0,0.0,0.0,0.0,0.0,0.0,0.0,0.0,1.0,0.0
fourth longest,0.0,0.0,0.0,0.0,0.0,0.0,0.0,1.0,0.0,0.0
foxconn invest,0.0,0.0,0.0,1.0,1.0,1.0,0.0,0.0,0.0,0.0
foxconn manufactur,0.0,0.0,0.0,1.0,1.0,1.0,0.0,0.0,0.0,0.0
foxconn vedanta,0.0,0.0,0.0,1.0,1.0,1.0,0.0,0.0,0.0,0.0
friend vietnam,0.0,0.0,0.0,0.0,0.0,0.0,0.0,0.0,1.0,0.0
full potenti,0.0,0.0,0.0,0.0,0.0,0.0,0.0,0.0,0.0,1.0
fun game,0.0,0.0,0.0,0.0,0.0,0.0,0.0,0.0,1.0,0.0
funk candl,0.0,0.0,0.0,0.0,0.0,0.0,0.0,1.0,0.0,0.0
furnitur basket,0.0,0.0,0.0,0.0,0.0,0.0,0.0,0.0,0.0,1.0
furnitur rubber,0.0,0.0,0.0,0.0,0.0,0.0,0.0,0.0,0.0,1.0
game ad,0.0,0.0,1.0,0.0,0.0,0.0,0.0,0.0,0.0,0.0
game co,0.0,0.0,1.0,0.0,0.0,0.0,0.0,0.0,0.0,0.0
game compani,0.0,0.0,1.0,0.0,0.0,0.0,0.0,0.0,0.0,0.0
game donohu,0.0,0.0,0.0,0.0,0.0,0.0,0.0,0.0,1.0,0.0
game industri,0.0,0.0,1.0,0.0,0.0,0.0,0.0,0.0,0.0,0.0
game studio,0.0,0.0,3.0,0.0,0.0,0.0,0.0,0.0,0.0,0.0
garden kew,0.0,0.0,0.0,0.0,0.0,0.0,0.0,0.0,0.0,1.0
gemma chan,0.0,0.0,0.0,0.0,0.0,0.0,0.0,2.0,0.0,0.0
gestur possibl,0.0,0.0,0.0,0.0,0.0,0.0,0.0,0.0,1.0,0.0
get ai,1.0,0.0,0.0,0.0,0.0,0.0,0.0,0.0,0.0,0.0
get confront,0.0,0.0,0.0,0.0,0.0,0.0,0.0,0.0,1.0,0.0
get vietnam,0.0,0.0,0.0,0.0,0.0,0.0,0.0,0.0,1.0,0.0
get way,0.0,1.0,0.0,0.0,0.0,0.0,0.0,0.0,0.0,0.0
getti imag,0.0,0.0,0.0,0.0,0.0,0.0,0.0,0.0,1.0,0.0
giant go,0.0,0.0,1.0,0.0,0.0,0.0,0.0,0.0,0.0,0.0
giant struggl,0.0,0.0,0.0,1.0,1.0,1.0,0.0,0.0,0.0,0.0
giant tractor,0.0,1.0,0.0,0.0,0.0,0.0,0.0,0.0,0.0,0.0
giant unveil,0.0,0.0,0.0,1.0,1.0,1.0,0.0,0.0,0.0,0.0
give much,0.0,0.0,0.0,0.0,0.0,0.0,0.0,0.0,0.0,2.0
glasgow liverpool,0.0,0.0,0.0,0.0,0.0,0.0,1.0,0.0,0.0,0.0
glasgow ovo,0.0,0.0,0.0,0.0,0.0,0.0,2.0,0.0,0.0,0.0
go cinema,0.0,0.0,0.0,0.0,0.0,0.0,0.0,1.0,0.0,0.0
go creat,0.0,0.0,1.0,0.0,0.0,0.0,0.0,0.0,0.0,0.0
govern launch,0.0,0.0,0.0,1.0,1.0,1.0,0.0,0.0,0.0,0.0
governor ron,0.0,1.0,0.0,0.0,0.0,0.0,0.0,0.0,0.0,0.0
greatest beer,0.0,0.0,0.0,0.0,0.0,0.0,0.0,0.0,2.0,0.0
green book,0.0,0.0,0.0,0.0,0.0,0.0,0.0,0.0,1.0,0.0
ground collect,0.0,0.0,0.0,0.0,0.0,0.0,0.0,0.0,0.0,1.0
groundbreak new,0.0,0.0,0.0,1.0,1.0,1.0,0.0,0.0,0.0,0.0
group tropic,0.0,0.0,0.0,0.0,0.0,0.0,0.0,0.0,0.0,1.0
grow use,0.0,0.0,0.0,0.0,0.0,0.0,0.0,0.0,0.0,1.0
grown palm,0.0,0.0,0.0,0.0,0.0,0.0,0.0,0.0,0.0,1.0
guinea philippin,0.0,0.0,0.0,0.0,0.0,0.0,0.0,0.0,0.0,1.0
gulf mexico,0.0,1.0,0.0,0.0,0.0,0.0,0.0,0.0,0.0,0.0
gulf would,0.0,1.0,0.0,0.0,0.0,0.0,0.0,0.0,0.0,0.0
guy along,0.0,0.0,0.0,0.0,0.0,0.0,0.0,0.0,1.0,0.0
guy tri,0.0,0.0,0.0,0.0,0.0,0.0,0.0,0.0,1.0,0.0
half amazon,0.0,0.0,0.0,0.0,0.0,0.0,0.0,0.0,0.0,1.0
half day,0.0,1.0,0.0,0.0,0.0,0.0,0.0,0.0,0.0,0.0
half novemb,0.0,1.0,0.0,0.0,0.0,0.0,0.0,0.0,0.0,0.0
hardwar send,0.0,1.0,0.0,0.0,0.0,0.0,0.0,0.0,0.0,0.0
harri style,0.0,0.0,0.0,0.0,0.0,0.0,0.0,2.0,0.0,0.0
hawaii borneo,0.0,0.0,0.0,0.0,0.0,0.0,0.0,0.0,0.0,1.0
health care,1.0,0.0,0.0,0.0,0.0,0.0,0.0,0.0,0.0,0.0
healthi £,0.0,0.0,0.0,0.0,0.0,0.0,0.0,1.0,0.0,0.0
heavi bag,0.0,0.0,0.0,0.0,0.0,0.0,0.0,0.0,1.0,0.0
heavi rain,0.0,1.0,0.0,0.0,0.0,0.0,0.0,0.0,0.0,0.0
hefti sum,0.0,0.0,0.0,1.0,1.0,1.0,0.0,0.0,0.0,0.0
held jointli,0.0,0.0,0.0,0.0,0.0,0.0,0.0,1.0,0.0,0.0
help prioritis,0.0,0.0,0.0,0.0,0.0,0.0,0.0,0.0,0.0,1.0
helsinki finland,0.0,0.0,1.0,0.0,0.0,0.0,0.0,0.0,0.0,0.0
helsinki work,0.0,0.0,1.0,0.0,0.0,0.0,0.0,0.0,0.0,0.0
high import,0.0,0.0,0.0,1.0,1.0,1.0,0.0,0.0,0.0,0.0
high wind,0.0,1.0,0.0,0.0,0.0,0.0,0.0,0.0,0.0,0.0
histori longest,0.0,0.0,0.0,0.0,0.0,0.0,0.0,1.0,0.0,0.0
histori though,0.0,0.0,1.0,0.0,0.0,0.0,0.0,0.0,0.0,0.0
hit becom,0.0,0.0,0.0,0.0,0.0,0.0,0.0,1.0,0.0,0.0
hit tone,0.0,0.0,0.0,0.0,0.0,0.0,0.0,0.0,1.0,0.0
hit uptown,0.0,0.0,0.0,0.0,0.0,0.0,0.0,1.0,0.0,0.0
hold overal,0.0,0.0,0.0,0.0,0.0,0.0,0.0,1.0,0.0,0.0
holm imag,0.0,0.0,0.0,0.0,0.0,0.0,1.0,0.0,0.0,0.0
home splashdown,0.0,1.0,0.0,0.0,0.0,0.0,0.0,0.0,0.0,0.0
home tool,0.0,0.0,0.0,0.0,0.0,0.0,0.0,0.0,0.0,1.0
hope comprehens,1.0,0.0,0.0,0.0,0.0,0.0,0.0,0.0,0.0,0.0
hope storm,0.0,1.0,0.0,0.0,0.0,0.0,0.0,0.0,0.0,0.0
host citi,0.0,0.0,0.0,0.0,0.0,0.0,1.0,0.0,0.0,0.0
host contest,0.0,0.0,0.0,0.0,0.0,0.0,1.0,0.0,0.0,0.0
host event,0.0,0.0,0.0,0.0,0.0,0.0,1.0,0.0,0.0,0.0
host next,0.0,0.0,0.0,0.0,0.0,0.0,2.0,0.0,0.0,0.0
host use,0.0,0.0,0.0,0.0,0.0,0.0,0.0,0.0,0.0,1.0
hot break,0.0,0.0,0.0,0.0,0.0,0.0,0.0,1.0,0.0,0.0
hotli contest,0.0,0.0,0.0,0.0,0.0,0.0,1.0,0.0,0.0,0.0
hour seen,0.0,1.0,0.0,0.0,0.0,0.0,0.0,0.0,0.0,0.0
huge plant,0.0,0.0,0.0,0.0,0.0,0.0,0.0,0.0,0.0,1.0
human element,0.0,0.0,0.0,0.0,0.0,0.0,0.0,0.0,1.0,0.0
human return,0.0,1.0,0.0,0.0,0.0,0.0,0.0,0.0,0.0,0.0
human valu,1.0,0.0,0.0,0.0,0.0,0.0,0.0,0.0,0.0,0.0
hundr commun,0.0,0.0,0.0,0.0,0.0,0.0,0.0,0.0,0.0,1.0
hundr wild,0.0,0.0,0.0,0.0,0.0,0.0,0.0,0.0,0.0,1.0
hurrican ian,0.0,1.0,0.0,0.0,0.0,0.0,0.0,0.0,0.0,0.0
hydro arena,0.0,0.0,0.0,0.0,0.0,0.0,2.0,0.0,0.0,0.0
ian move,0.0,1.0,0.0,0.0,0.0,0.0,0.0,0.0,0.0,0.0
icon plant,0.0,0.0,0.0,0.0,0.0,0.0,0.0,0.0,0.0,1.0
idea mani,0.0,0.0,0.0,0.0,0.0,0.0,0.0,0.0,0.0,2.0
idea young,0.0,0.0,0.0,0.0,0.0,0.0,0.0,0.0,1.0,0.0
ii men,0.0,0.0,0.0,0.0,0.0,0.0,0.0,1.0,0.0,0.0
iii possibl,0.0,1.0,0.0,0.0,0.0,0.0,0.0,0.0,0.0,0.0
imag caption,0.0,0.0,0.0,0.0,0.0,0.0,1.0,1.0,1.0,3.0
imag imag,0.0,0.0,0.0,0.0,0.0,0.0,0.0,0.0,1.0,0.0
imag sourc,0.0,0.0,0.0,0.0,0.0,0.0,1.0,1.0,1.0,3.0
impact nasa,0.0,1.0,0.0,0.0,0.0,0.0,0.0,0.0,0.0,0.0
import duti,0.0,0.0,0.0,1.0,1.0,1.0,0.0,0.0,0.0,0.0
import human,1.0,0.0,0.0,0.0,0.0,0.0,0.0,0.0,0.0,0.0
import plant,0.0,0.0,0.0,0.0,0.0,0.0,0.0,0.0,0.0,1.0
import question,1.0,0.0,0.0,0.0,0.0,0.0,0.0,0.0,0.0,0.0
import safeti,0.0,0.0,0.0,1.0,1.0,1.0,0.0,0.0,0.0,0.0
improv decisionmak,1.0,0.0,0.0,0.0,0.0,0.0,0.0,0.0,0.0,0.0
includ financi,0.0,0.0,0.0,0.0,0.0,0.0,1.0,0.0,0.0,0.0
includ screen,0.0,0.0,0.0,0.0,0.0,0.0,1.0,0.0,0.0,0.0
includ stapl,0.0,0.0,0.0,0.0,0.0,0.0,0.0,0.0,0.0,1.0
increas footprint,0.0,0.0,0.0,1.0,1.0,1.0,0.0,0.0,0.0,0.0
increas india,0.0,0.0,0.0,1.0,1.0,1.0,0.0,0.0,0.0,0.0
increas product,0.0,0.0,0.0,1.0,1.0,1.0,0.0,0.0,0.0,0.0
india appl,0.0,0.0,0.0,2.0,2.0,2.0,0.0,0.0,0.0,0.0
india campaign,0.0,0.0,0.0,1.0,1.0,1.0,0.0,0.0,0.0,0.0
india chip,0.0,0.0,0.0,1.0,1.0,1.0,0.0,0.0,0.0,0.0
india diversifi,0.0,0.0,0.0,1.0,1.0,1.0,0.0,0.0,0.0,0.0
india man,0.0,0.0,0.0,1.0,1.0,1.0,0.0,0.0,0.0,0.0
india mean,0.0,0.0,0.0,1.0,1.0,1.0,0.0,0.0,0.0,0.0
india newest,0.0,0.0,0.0,1.0,1.0,1.0,0.0,0.0,0.0,0.0
india tag,0.0,0.0,0.0,1.0,1.0,1.0,0.0,0.0,0.0,0.0
india win,0.0,0.0,0.0,1.0,1.0,1.0,0.0,0.0,0.0,0.0
india year,0.0,0.0,0.0,1.0,1.0,1.0,0.0,0.0,0.0,0.0
indian might,0.0,0.0,0.0,1.0,1.0,1.0,0.0,0.0,0.0,0.0
indian smartphon,0.0,0.0,0.0,1.0,1.0,1.0,0.0,0.0,0.0,0.0
indian state,0.0,0.0,0.0,1.0,1.0,1.0,0.0,0.0,0.0,0.0
inform analyz,1.0,0.0,0.0,0.0,0.0,0.0,0.0,0.0,0.0,0.0
initi flight,0.0,1.0,0.0,0.0,0.0,0.0,0.0,0.0,0.0,0.0
initi roll,0.0,1.0,0.0,0.0,0.0,0.0,0.0,0.0,0.0,0.0
insight improv,1.0,0.0,0.0,0.0,0.0,0.0,0.0,0.0,0.0,0.0
integr inform,1.0,0.0,0.0,0.0,0.0,0.0,0.0,0.0,0.0,0.0
intellig assess,0.0,0.0,0.0,0.0,0.0,0.0,0.0,0.0,0.0,1.0
intensifi effort,0.0,0.0,1.0,0.0,0.0,0.0,0.0,0.0,0.0,0.0
interest host,0.0,0.0,0.0,0.0,0.0,0.0,1.0,0.0,0.0,0.0
interest observ,1.0,0.0,0.0,0.0,0.0,0.0,0.0,0.0,0.0,0.0
interest stori,0.0,0.0,0.0,0.0,0.0,0.0,0.0,0.0,1.0,0.0
introduc groundbreak,0.0,0.0,0.0,1.0,1.0,1.0,0.0,0.0,0.0,0.0
invalu local,0.0,0.0,0.0,0.0,0.0,0.0,0.0,0.0,0.0,1.0
invest bank,0.0,0.0,0.0,1.0,1.0,1.0,0.0,0.0,0.0,0.0
invest £,0.0,0.0,0.0,1.0,1.0,1.0,0.0,0.0,0.0,0.0
investig machin,0.0,0.0,0.0,0.0,0.0,0.0,0.0,0.0,0.0,1.0
iphon earli,0.0,0.0,0.0,1.0,1.0,1.0,0.0,0.0,0.0,0.0
iphon earlier,0.0,0.0,0.0,1.0,1.0,1.0,0.0,0.0,0.0,0.0
iphon india,0.0,0.0,0.0,2.0,2.0,2.0,0.0,0.0,0.0,0.0
iphon line,0.0,0.0,0.0,1.0,1.0,1.0,0.0,0.0,0.0,0.0
iphon pro,0.0,0.0,0.0,1.0,1.0,1.0,0.0,0.0,0.0,0.0
iphon product,0.0,0.0,0.0,3.0,3.0,3.0,0.0,0.0,0.0,0.0
iphon still,0.0,0.0,0.0,1.0,1.0,1.0,0.0,0.0,0.0,0.0
issu data,1.0,0.0,0.0,0.0,0.0,0.0,0.0,0.0,0.0,0.0
jamaica vietnam,0.0,0.0,0.0,0.0,0.0,0.0,0.0,0.0,0.0,1.0
jar somewhat,0.0,0.0,0.0,0.0,0.0,0.0,0.0,0.0,1.0,0.0
jeff holm,0.0,0.0,0.0,0.0,0.0,0.0,1.0,0.0,0.0,0.0
jointli mark,0.0,0.0,0.0,0.0,0.0,0.0,0.0,1.0,0.0,0.0
journalist earlier,0.0,0.0,0.0,0.0,0.0,0.0,0.0,0.0,1.0,0.0
journey presum,0.0,0.0,0.0,0.0,0.0,0.0,0.0,0.0,1.0,0.0
journey start,0.0,0.0,0.0,0.0,0.0,0.0,0.0,0.0,1.0,0.0
journey vab,0.0,1.0,0.0,0.0,0.0,0.0,0.0,0.0,0.0,0.0
jp morgan,0.0,0.0,0.0,1.0,1.0,1.0,0.0,0.0,0.0,0.0
juli biggest,0.0,0.0,1.0,0.0,0.0,0.0,0.0,0.0,0.0,0.0
justic transport,1.0,0.0,0.0,0.0,0.0,0.0,0.0,0.0,0.0,0.0
justin bieber,0.0,0.0,0.0,0.0,0.0,0.0,0.0,1.0,0.0,0.0
kennedi famou,0.0,1.0,0.0,0.0,0.0,0.0,0.0,0.0,0.0,0.0
kennedi space,0.0,1.0,0.0,0.0,0.0,0.0,0.0,0.0,0.0,0.0
kew conserv,0.0,0.0,0.0,0.0,0.0,0.0,0.0,0.0,0.0,1.0
kew imag,0.0,0.0,0.0,0.0,0.0,0.0,0.0,0.0,0.0,1.0
kew led,0.0,0.0,0.0,0.0,0.0,0.0,0.0,0.0,0.0,1.0
kew london,0.0,0.0,0.0,0.0,0.0,0.0,0.0,0.0,0.0,1.0
kind titl,0.0,0.0,0.0,0.0,0.0,0.0,0.0,0.0,1.0,0.0
know may,0.0,0.0,0.0,0.0,0.0,0.0,0.0,0.0,0.0,1.0
known wild,0.0,0.0,0.0,0.0,0.0,0.0,0.0,0.0,0.0,1.0
korean chines,0.0,0.0,0.0,1.0,1.0,1.0,0.0,0.0,0.0,0.0
lack familiar,1.0,0.0,0.0,0.0,0.0,0.0,0.0,0.0,0.0,0.0
ladbibl video,0.0,0.0,0.0,0.0,0.0,0.0,0.0,0.0,1.0,0.0
landfal florida,0.0,1.0,0.0,0.0,0.0,0.0,0.0,0.0,0.0,0.0
last month,0.0,0.0,0.0,1.0,1.0,1.0,0.0,0.0,0.0,0.0
last year,0.0,0.0,0.0,2.0,2.0,2.0,0.0,0.0,0.0,0.0
lastikka establish,0.0,0.0,1.0,0.0,0.0,0.0,0.0,0.0,0.0,0.0
late astronaut,0.0,1.0,0.0,0.0,0.0,0.0,0.0,0.0,0.0,0.0
late octob,0.0,1.0,0.0,0.0,0.0,0.0,0.0,0.0,0.0,0.0
latest iphon,0.0,0.0,0.0,1.0,1.0,1.0,0.0,0.0,0.0,0.0
latest move,0.0,0.0,0.0,1.0,1.0,1.0,0.0,0.0,0.0,0.0
latest project,0.0,0.0,0.0,0.0,0.0,0.0,0.0,0.0,1.0,0.0
launch flagship,0.0,0.0,0.0,1.0,1.0,1.0,0.0,0.0,0.0,0.0
launch pad,0.0,1.0,0.0,0.0,0.0,0.0,0.0,0.0,0.0,0.0
launch system,0.0,1.0,0.0,0.0,0.0,0.0,0.0,0.0,0.0,0.0
leader dr,0.0,0.0,0.0,0.0,0.0,0.0,0.0,0.0,0.0,1.0
leader interest,1.0,0.0,0.0,0.0,0.0,0.0,0.0,0.0,0.0,0.0
leader kew,0.0,0.0,0.0,0.0,0.0,0.0,0.0,0.0,0.0,1.0
learn tool,0.0,0.0,0.0,0.0,0.0,0.0,0.0,0.0,0.0,1.0
least palm,0.0,0.0,0.0,0.0,0.0,0.0,0.0,0.0,0.0,1.0
led former,0.0,0.0,1.0,0.0,0.0,0.0,0.0,0.0,0.0,0.0
led team,0.0,0.0,0.0,0.0,0.0,0.0,0.0,0.0,0.0,1.0
leed manchest,0.0,0.0,0.0,0.0,0.0,0.0,1.0,0.0,0.0,0.0
left right,0.0,0.0,0.0,0.0,0.0,0.0,0.0,1.0,0.0,0.0
legal liabil,1.0,0.0,0.0,0.0,0.0,0.0,0.0,0.0,0.0,0.0
leret imag,0.0,0.0,0.0,0.0,0.0,0.0,0.0,0.0,0.0,1.0
leret univers,0.0,0.0,0.0,0.0,0.0,0.0,0.0,0.0,0.0,1.0
lesser known,0.0,0.0,0.0,0.0,0.0,0.0,0.0,0.0,0.0,1.0
liabil ai,1.0,0.0,0.0,0.0,0.0,0.0,0.0,0.0,0.0,0.0
life chicki,0.0,0.0,0.0,0.0,0.0,0.0,0.0,0.0,1.0,0.0
lift spirit,0.0,0.0,0.0,0.0,0.0,0.0,0.0,0.0,1.0,0.0
lift take,0.0,1.0,0.0,0.0,0.0,0.0,0.0,0.0,0.0,0.0
light farrelli,0.0,0.0,0.0,0.0,0.0,0.0,0.0,0.0,1.0,0.0
like silli,0.0,0.0,0.0,0.0,0.0,0.0,0.0,0.0,1.0,0.0
lil na,0.0,0.0,0.0,0.0,0.0,0.0,0.0,1.0,0.0,0.0
line introduc,0.0,0.0,0.0,1.0,1.0,1.0,0.0,0.0,0.0,0.0
littl muddl,0.0,0.0,0.0,0.0,0.0,0.0,0.0,0.0,1.0,0.0
live region,0.0,0.0,0.0,0.0,0.0,0.0,0.0,0.0,0.0,1.0
liverpool host,0.0,0.0,0.0,0.0,0.0,0.0,1.0,0.0,0.0,0.0
local peopl,0.0,0.0,0.0,0.0,0.0,0.0,0.0,0.0,0.0,1.0
local region,0.0,0.0,0.0,0.0,0.0,0.0,1.0,0.0,0.0,0.0
locat attract,0.0,0.0,0.0,0.0,0.0,0.0,1.0,0.0,0.0,0.0
lockdown also,0.0,0.0,0.0,1.0,1.0,1.0,0.0,0.0,0.0,0.0
longest one,0.0,0.0,0.0,0.0,0.0,0.0,0.0,1.0,0.0,0.0
longest run,0.0,0.0,0.0,0.0,0.0,0.0,0.0,2.0,0.0,0.0
look beyond,0.0,0.0,0.0,0.0,0.0,0.0,0.0,0.0,1.0,0.0
look increas,0.0,0.0,0.0,1.0,1.0,1.0,0.0,0.0,0.0,0.0
look made,0.0,0.0,0.0,1.0,1.0,1.0,0.0,0.0,0.0,0.0
loop around,0.0,1.0,0.0,0.0,0.0,0.0,0.0,0.0,0.0,0.0
loss sinc,0.0,0.0,1.0,0.0,0.0,0.0,0.0,0.0,0.0,0.0
loss subscrib,0.0,0.0,1.0,0.0,0.0,0.0,0.0,0.0,0.0,0.0
lost almost,0.0,0.0,1.0,0.0,0.0,0.0,0.0,0.0,0.0,0.0
lot work,0.0,0.0,0.0,0.0,0.0,0.0,0.0,0.0,2.0,0.0
love human,0.0,0.0,0.0,0.0,0.0,0.0,0.0,0.0,1.0,0.0
low new,0.0,0.0,0.0,0.0,0.0,0.0,0.0,0.0,1.0,0.0
lui fonsi,0.0,0.0,0.0,0.0,0.0,0.0,0.0,1.0,0.0,0.0
lunar surfac,0.0,2.0,0.0,0.0,0.0,0.0,0.0,0.0,0.0,0.0
machin learn,0.0,0.0,0.0,0.0,0.0,0.0,0.0,0.0,0.0,1.0
madagascar new,0.0,0.0,0.0,0.0,0.0,0.0,0.0,0.0,0.0,1.0
made citi,0.0,0.0,0.0,0.0,0.0,0.0,1.0,0.0,0.0,0.0
made india,0.0,0.0,0.0,1.0,1.0,1.0,0.0,0.0,0.0,0.0
made within,0.0,0.0,0.0,0.0,0.0,0.0,1.0,0.0,0.0,0.0
magic profound,0.0,0.0,0.0,0.0,0.0,0.0,0.0,0.0,1.0,0.0
maiden flight,0.0,1.0,0.0,0.0,0.0,0.0,0.0,0.0,0.0,0.0
major appl,0.0,0.0,0.0,1.0,1.0,1.0,0.0,0.0,0.0,0.0
major disrupt,0.0,0.0,0.0,1.0,1.0,1.0,0.0,0.0,0.0,0.0
make furnitur,0.0,0.0,0.0,0.0,0.0,0.0,0.0,0.0,0.0,2.0
make india,0.0,0.0,0.0,2.0,2.0,2.0,0.0,0.0,0.0,0.0
make iphon,0.0,0.0,0.0,1.0,1.0,1.0,0.0,0.0,0.0,0.0
make landfal,0.0,1.0,0.0,0.0,0.0,0.0,0.0,0.0,0.0,0.0
make laugh,0.0,0.0,0.0,0.0,0.0,0.0,0.0,0.0,1.0,0.0
make number,1.0,0.0,0.0,0.0,0.0,0.0,0.0,0.0,0.0,0.0
make older,0.0,0.0,0.0,1.0,1.0,1.0,0.0,0.0,0.0,0.0
make phone,0.0,0.0,0.0,1.0,1.0,1.0,0.0,0.0,0.0,0.0
make trip,0.0,1.0,0.0,0.0,0.0,0.0,0.0,0.0,0.0,0.0
make way,0.0,0.0,0.0,0.0,0.0,0.0,1.0,0.0,0.0,0.0
man fli,0.0,0.0,0.0,1.0,1.0,1.0,0.0,0.0,0.0,0.0
manchest newcastl,0.0,0.0,0.0,0.0,0.0,0.0,1.0,0.0,0.0,0.0
mani palm,0.0,0.0,0.0,0.0,0.0,0.0,0.0,0.0,0.0,2.0
manufactur export,0.0,0.0,0.0,1.0,1.0,1.0,0.0,0.0,0.0,0.0
manufactur india,0.0,0.0,0.0,1.0,1.0,1.0,0.0,0.0,0.0,0.0
manufactur iphon,0.0,0.0,0.0,1.0,1.0,1.0,0.0,0.0,0.0,0.0
manufactur major,0.0,0.0,0.0,1.0,1.0,1.0,0.0,0.0,0.0,0.0
mariah carey,0.0,0.0,0.0,0.0,0.0,0.0,0.0,1.0,0.0,0.0
marin experienc,0.0,0.0,0.0,0.0,0.0,0.0,0.0,0.0,1.0,0.0
marin travel,0.0,0.0,0.0,0.0,0.0,0.0,0.0,0.0,1.0,0.0
mark latest,0.0,0.0,0.0,1.0,1.0,1.0,0.0,0.0,0.0,0.0
mark ronson,0.0,0.0,0.0,0.0,0.0,0.0,0.0,1.0,0.0,0.0
market share,0.0,0.0,0.0,1.0,1.0,1.0,0.0,0.0,0.0,0.0
market valu,0.0,0.0,1.0,0.0,0.0,0.0,0.0,0.0,0.0,0.0
marko lastikka,0.0,0.0,1.0,0.0,0.0,0.0,0.0,0.0,0.0,0.0
mate fight,0.0,0.0,0.0,0.0,0.0,0.0,0.0,0.0,1.0,0.0
materi home,0.0,0.0,0.0,0.0,0.0,0.0,0.0,0.0,0.0,1.0
may threaten,0.0,0.0,0.0,0.0,0.0,0.0,0.0,0.0,0.0,2.0
may tradit,0.0,0.0,0.0,0.0,0.0,0.0,0.0,0.0,1.0,0.0
mean birmingham,0.0,0.0,0.0,0.0,0.0,0.0,1.0,0.0,0.0,0.0
mean mile,0.0,1.0,0.0,0.0,0.0,0.0,0.0,0.0,0.0,0.0
mean phone,0.0,0.0,0.0,1.0,1.0,1.0,0.0,0.0,0.0,0.0
mean signific,0.0,0.0,0.0,0.0,0.0,0.0,0.0,0.0,1.0,0.0
meanwhil former,0.0,0.0,0.0,0.0,0.0,0.0,0.0,1.0,0.0,0.0
media report,0.0,0.0,0.0,1.0,1.0,1.0,0.0,1.0,0.0,0.0
medicin hundr,0.0,0.0,0.0,0.0,0.0,0.0,0.0,0.0,0.0,1.0
medium rang,0.0,1.0,0.0,0.0,0.0,0.0,0.0,0.0,0.0,0.0
men neighbourhood,0.0,0.0,0.0,0.0,0.0,0.0,0.0,0.0,1.0,0.0
men reign,0.0,0.0,0.0,0.0,0.0,0.0,0.0,1.0,0.0,0.0
mexico expect,0.0,1.0,0.0,0.0,0.0,0.0,0.0,0.0,0.0,0.0
might expect,0.0,0.0,0.0,0.0,0.0,0.0,0.0,0.0,1.0,0.0
might look,0.0,0.0,0.0,1.0,1.0,1.0,0.0,0.0,0.0,0.0
mile journey,0.0,1.0,0.0,0.0,0.0,0.0,0.0,0.0,0.0,0.0
million peopl,0.0,0.0,0.0,0.0,0.0,0.0,0.0,0.0,0.0,2.0
million subscrib,0.0,0.0,1.0,0.0,0.0,0.0,0.0,0.0,0.0,0.0
million tv,0.0,0.0,0.0,0.0,0.0,0.0,1.0,0.0,0.0,0.0
minist narendra,0.0,0.0,0.0,1.0,1.0,1.0,0.0,0.0,0.0,0.0
miss chanc,0.0,0.0,0.0,0.0,0.0,0.0,1.0,0.0,0.0,0.0
mission eventu,0.0,1.0,0.0,0.0,0.0,0.0,0.0,0.0,0.0,0.0
mix review,0.0,0.0,0.0,0.0,0.0,0.0,0.0,1.0,0.0,0.0
model recent,0.0,1.0,0.0,0.0,0.0,0.0,0.0,0.0,0.0,0.0
modi administr,0.0,0.0,0.0,1.0,1.0,1.0,0.0,0.0,0.0,0.0
moment alway,0.0,0.0,0.0,0.0,0.0,0.0,0.0,0.0,1.0,0.0
month analyst,0.0,0.0,0.0,1.0,1.0,1.0,0.0,0.0,0.0,0.0
month compani,0.0,0.0,0.0,1.0,1.0,1.0,0.0,0.0,0.0,0.0
month film,0.0,0.0,0.0,0.0,0.0,0.0,0.0,0.0,1.0,0.0
month journey,0.0,0.0,0.0,0.0,0.0,0.0,0.0,0.0,1.0,0.0
moon come,0.0,1.0,0.0,0.0,0.0,0.0,0.0,0.0,0.0,0.0
moon rocket,0.0,1.0,0.0,0.0,0.0,0.0,0.0,0.0,0.0,0.0
moral among,0.0,0.0,0.0,0.0,0.0,0.0,0.0,0.0,1.0,0.0
morgan said,0.0,0.0,0.0,1.0,1.0,1.0,0.0,0.0,0.0,0.0
move around,0.0,0.0,0.0,1.0,1.0,1.0,0.0,0.0,0.0,0.0
move gulf,0.0,1.0,0.0,0.0,0.0,0.0,0.0,0.0,0.0,0.0
move mean,0.0,1.0,0.0,0.0,0.0,0.0,0.0,0.0,0.0,0.0
move toward,0.0,0.0,0.0,1.0,1.0,1.0,0.0,0.0,0.0,0.0
movi also,0.0,0.0,0.0,0.0,0.0,0.0,0.0,1.0,0.0,0.0
movi star,0.0,0.0,0.0,0.0,0.0,0.0,0.0,0.0,1.0,0.0
movi win,0.0,0.0,0.0,0.0,0.0,0.0,1.0,0.0,0.0,0.0
much better,0.0,0.0,0.0,0.0,0.0,0.0,0.0,0.0,0.0,2.0
much cheaper,0.0,0.0,0.0,1.0,1.0,1.0,0.0,0.0,0.0,0.0
muddl partli,0.0,0.0,0.0,0.0,0.0,0.0,0.0,0.0,1.0,0.0
multi billion,0.0,1.0,0.0,0.0,0.0,0.0,0.0,0.0,0.0,0.0
music align,0.0,0.0,0.0,0.0,0.0,0.0,1.0,0.0,0.0,0.0
music box,0.0,0.0,0.0,0.0,0.0,0.0,0.0,1.0,0.0,0.0
na x,0.0,0.0,0.0,0.0,0.0,0.0,0.0,1.0,0.0,0.0
nadu sinc,0.0,0.0,0.0,1.0,1.0,1.0,0.0,0.0,0.0,0.0
narendra modi,0.0,0.0,0.0,1.0,1.0,1.0,0.0,0.0,0.0,0.0
narrow seven,0.0,0.0,0.0,0.0,0.0,0.0,1.0,0.0,0.0,0.0
nasa hope,0.0,1.0,0.0,0.0,0.0,0.0,0.0,0.0,0.0,0.0
nasa one,0.0,1.0,0.0,0.0,0.0,0.0,0.0,0.0,0.0,0.0
nasa risk,0.0,1.0,0.0,0.0,0.0,0.0,0.0,0.0,0.0,0.0
nasa say,0.0,1.0,0.0,0.0,0.0,0.0,0.0,0.0,0.0,0.0
nation secur,1.0,0.0,0.0,0.0,0.0,0.0,0.0,0.0,0.0,0.0
natur ecolog,0.0,0.0,0.0,0.0,0.0,0.0,0.0,0.0,0.0,1.0
need conserv,0.0,0.0,0.0,0.0,0.0,0.0,0.0,0.0,0.0,1.0
need protect,0.0,0.0,0.0,0.0,0.0,0.0,0.0,0.0,0.0,2.0
neighbourhood fun,0.0,0.0,0.0,0.0,0.0,0.0,0.0,0.0,1.0,0.0
netflix announc,0.0,0.0,1.0,0.0,0.0,0.0,0.0,0.0,0.0,0.0
netflix lost,0.0,0.0,1.0,0.0,0.0,0.0,0.0,0.0,0.0,0.0
netflix previous,0.0,0.0,1.0,0.0,0.0,0.0,0.0,0.0,0.0,0.0
netflix set,0.0,0.0,1.0,0.0,0.0,0.0,0.0,0.0,0.0,0.0
netflix vp,0.0,0.0,1.0,0.0,0.0,0.0,0.0,0.0,0.0,0.0
new caledonia,0.0,0.0,0.0,0.0,0.0,0.0,0.0,0.0,0.0,1.0
new film,0.0,0.0,0.0,0.0,0.0,0.0,0.0,1.0,0.0,0.0
new guinea,0.0,0.0,0.0,0.0,0.0,0.0,0.0,0.0,0.0,1.0
new iphon,0.0,0.0,0.0,2.0,2.0,2.0,0.0,0.0,0.0,0.0
new movi,0.0,0.0,0.0,0.0,0.0,0.0,0.0,0.0,1.0,0.0
new technolog,0.0,0.0,0.0,1.0,1.0,1.0,0.0,0.0,0.0,0.0
new yorker,0.0,0.0,0.0,0.0,0.0,0.0,0.0,0.0,1.0,0.0
newcastl sheffield,0.0,0.0,0.0,0.0,0.0,0.0,1.0,0.0,0.0,0.0
newest product,0.0,0.0,0.0,1.0,1.0,1.0,0.0,0.0,0.0,0.0
next may,0.0,0.0,0.0,0.0,0.0,0.0,1.0,0.0,0.0,0.0
next schedul,0.0,1.0,0.0,0.0,0.0,0.0,0.0,0.0,0.0,0.0
next year,0.0,0.0,0.0,0.0,0.0,0.0,2.0,0.0,0.0,0.0
night school,0.0,0.0,1.0,0.0,0.0,0.0,0.0,0.0,0.0,0.0
north america,0.0,0.0,0.0,0.0,0.0,0.0,0.0,1.0,0.0,0.0
north countri,0.0,0.0,0.0,1.0,1.0,1.0,0.0,0.0,0.0,0.0
novel applic,1.0,0.0,0.0,0.0,0.0,0.0,0.0,0.0,0.0,0.0
number one,0.0,0.0,0.0,0.0,0.0,0.0,0.0,4.0,0.0,0.0
number recommend,1.0,0.0,0.0,0.0,0.0,0.0,0.0,0.0,0.0,0.0
nut see,0.0,0.0,0.0,0.0,0.0,0.0,0.0,0.0,1.0,0.0
observ demonstr,1.0,0.0,0.0,0.0,0.0,0.0,0.0,0.0,0.0,0.0
octob earliest,0.0,1.0,0.0,0.0,0.0,0.0,0.0,0.0,0.0,0.0
offer includ,0.0,0.0,0.0,0.0,0.0,0.0,1.0,0.0,0.0,0.0
offic chart,0.0,0.0,0.0,0.0,0.0,0.0,0.0,2.0,0.0,0.0
offici assess,0.0,0.0,0.0,0.0,0.0,0.0,0.0,0.0,0.0,1.0
oil date,0.0,0.0,0.0,0.0,0.0,0.0,0.0,0.0,0.0,1.0
oil rope,0.0,0.0,0.0,0.0,0.0,0.0,0.0,0.0,0.0,1.0
old town,0.0,0.0,0.0,0.0,0.0,0.0,0.0,1.0,0.0,0.0
older version,0.0,0.0,0.0,1.0,1.0,1.0,0.0,0.0,0.0,0.0
olivia wild,0.0,0.0,0.0,0.0,0.0,0.0,0.0,3.0,0.0,0.0
one artist,0.0,0.0,0.0,0.0,0.0,0.0,0.0,1.0,0.0,0.0
one charact,0.0,0.0,0.0,0.0,0.0,0.0,0.0,0.0,1.0,0.0
one coolest,0.0,0.0,0.0,0.0,0.0,0.0,0.0,0.0,1.0,0.0
one direct,0.0,0.0,0.0,0.0,0.0,0.0,0.0,1.0,0.0,0.0
one giant,0.0,1.0,0.0,0.0,0.0,0.0,0.0,0.0,0.0,0.0
one singl,0.0,0.0,0.0,0.0,0.0,0.0,0.0,1.0,0.0,0.0
one sweet,0.0,0.0,0.0,0.0,0.0,0.0,0.0,1.0,0.0,0.0
one three,0.0,0.0,0.0,0.0,0.0,0.0,0.0,0.0,0.0,1.0
one uk,0.0,0.0,0.0,0.0,0.0,0.0,0.0,1.0,0.0,0.0
one us,0.0,0.0,0.0,0.0,0.0,0.0,0.0,3.0,0.0,0.0
one use,0.0,0.0,0.0,0.0,0.0,0.0,0.0,0.0,0.0,1.0
ongo war,0.0,0.0,0.0,0.0,0.0,0.0,1.0,0.0,0.0,0.0
open weekend,0.0,0.0,0.0,0.0,0.0,0.0,0.0,1.0,0.0,0.0
oper southern,0.0,0.0,0.0,1.0,1.0,1.0,0.0,0.0,0.0,0.0
opinion leader,1.0,0.0,0.0,0.0,0.0,0.0,0.0,0.0,0.0,0.0
organis decid,0.0,0.0,0.0,0.0,0.0,0.0,1.0,0.0,0.0,0.0
origin expedit,0.0,0.0,0.0,0.0,0.0,0.0,0.0,0.0,1.0,0.0
origin game,0.0,0.0,1.0,0.0,0.0,0.0,0.0,0.0,0.0,0.0
origin seven,0.0,0.0,0.0,0.0,0.0,0.0,1.0,0.0,0.0,0.0
orion beyond,0.0,1.0,0.0,0.0,0.0,0.0,0.0,0.0,0.0,0.0
orion outing,0.0,1.0,0.0,0.0,0.0,0.0,0.0,0.0,0.0,0.0
ornament commerci,0.0,0.0,0.0,0.0,0.0,0.0,0.0,0.0,0.0,1.0
oscar bait,0.0,0.0,0.0,0.0,0.0,0.0,0.0,0.0,1.0,0.0
outsid countri,0.0,0.0,0.0,1.0,1.0,1.0,0.0,0.0,0.0,0.0
outsid glasgow,0.0,0.0,0.0,0.0,0.0,0.0,1.0,0.0,0.0,0.0
overal offer,0.0,0.0,0.0,0.0,0.0,0.0,1.0,0.0,0.0,0.0
overal record,0.0,0.0,0.0,0.0,0.0,0.0,0.0,1.0,0.0,0.0
overview explain,1.0,0.0,0.0,0.0,0.0,0.0,0.0,0.0,0.0,0.0
ovo hydro,0.0,0.0,0.0,0.0,0.0,0.0,2.0,0.0,0.0,0.0
oxenfre develop,0.0,0.0,1.0,0.0,0.0,0.0,0.0,0.0,0.0,0.0
pacif ocean,0.0,1.0,0.0,0.0,0.0,0.0,0.0,0.0,0.0,0.0
pad enabl,0.0,1.0,0.0,0.0,0.0,0.0,0.0,0.0,0.0,0.0
pad florida,0.0,1.0,0.0,0.0,0.0,0.0,0.0,0.0,0.0,0.0
pad readi,0.0,1.0,0.0,0.0,0.0,0.0,0.0,0.0,0.0,0.0
palm among,0.0,0.0,0.0,0.0,0.0,0.0,0.0,0.0,0.0,1.0
palm conserv,0.0,0.0,0.0,0.0,0.0,0.0,0.0,0.0,0.0,1.0
palm daili,0.0,0.0,0.0,0.0,0.0,0.0,0.0,0.0,0.0,1.0
palm famili,0.0,0.0,0.0,0.0,0.0,0.0,0.0,0.0,0.0,1.0
palm grow,0.0,0.0,0.0,0.0,0.0,0.0,0.0,0.0,0.0,1.0
palm huge,0.0,0.0,0.0,0.0,0.0,0.0,0.0,0.0,0.0,1.0
palm icon,0.0,0.0,0.0,0.0,0.0,0.0,0.0,0.0,0.0,1.0
palm oil,0.0,0.0,0.0,0.0,0.0,0.0,0.0,0.0,0.0,1.0
palm prefer,0.0,0.0,0.0,0.0,0.0,0.0,0.0,0.0,0.0,1.0
palm speci,0.0,0.0,0.0,0.0,0.0,0.0,0.0,0.0,0.0,4.0
palm threaten,0.0,0.0,0.0,0.0,0.0,0.0,0.0,0.0,0.0,1.0
palm tree,0.0,0.0,0.0,0.0,0.0,0.0,0.0,0.0,0.0,3.0
palm use,0.0,0.0,0.0,0.0,0.0,0.0,0.0,0.0,0.0,2.0
panhandl directli,0.0,1.0,0.0,0.0,0.0,0.0,0.0,0.0,0.0,0.0
paper discuss,1.0,0.0,0.0,0.0,0.0,0.0,0.0,0.0,0.0,0.0
part becom,0.0,0.0,0.0,0.0,0.0,0.0,0.0,0.0,1.0,0.0
part half,0.0,1.0,0.0,0.0,0.0,0.0,0.0,0.0,0.0,0.0
part took,0.0,0.0,0.0,0.0,0.0,0.0,0.0,0.0,1.0,0.0
partli tone,0.0,0.0,0.0,0.0,0.0,0.0,0.0,0.0,1.0,0.0
partner olivia,0.0,0.0,0.0,0.0,0.0,0.0,0.0,1.0,0.0,0.0
pay hefti,0.0,0.0,0.0,1.0,1.0,1.0,0.0,0.0,0.0,0.0
peopl across,0.0,0.0,0.0,0.0,0.0,0.0,0.0,0.0,0.0,1.0
peopl could,0.0,0.0,0.0,0.0,0.0,0.0,0.0,0.0,0.0,1.0
peopl food,0.0,0.0,0.0,0.0,0.0,0.0,0.0,0.0,0.0,1.0
peopl live,0.0,0.0,0.0,0.0,0.0,0.0,0.0,0.0,0.0,1.0
peopl rethink,1.0,0.0,0.0,0.0,0.0,0.0,0.0,0.0,0.0,0.0
peter farrelli,0.0,0.0,0.0,0.0,0.0,0.0,0.0,0.0,1.0,0.0
philippin hawaii,0.0,0.0,0.0,0.0,0.0,0.0,0.0,0.0,0.0,1.0
phone cheaper,0.0,0.0,0.0,1.0,1.0,1.0,0.0,0.0,0.0,0.0
phone china,0.0,0.0,0.0,1.0,1.0,1.0,0.0,0.0,0.0,0.0
phone oper,0.0,0.0,0.0,1.0,1.0,1.0,0.0,0.0,0.0,0.0
pictur efron,0.0,0.0,0.0,0.0,0.0,0.0,0.0,0.0,1.0,0.0
pictur mean,0.0,0.0,0.0,0.0,0.0,0.0,0.0,0.0,1.0,0.0
pine olivia,0.0,0.0,0.0,0.0,0.0,0.0,0.0,1.0,0.0,0.0
pine star,0.0,0.0,0.0,0.0,0.0,0.0,0.0,1.0,0.0,0.0
pine took,0.0,0.0,0.0,0.0,0.0,0.0,0.0,1.0,0.0,0.0
place sooner,0.0,1.0,0.0,0.0,0.0,0.0,0.0,0.0,0.0,0.0
plant famili,0.0,0.0,0.0,0.0,0.0,0.0,0.0,0.0,0.0,2.0
plant ground,0.0,0.0,0.0,0.0,0.0,0.0,0.0,0.0,0.0,1.0
plant group,0.0,0.0,0.0,0.0,0.0,0.0,0.0,0.0,0.0,1.0
plant invalu,0.0,0.0,0.0,0.0,0.0,0.0,0.0,0.0,0.0,1.0
polici trigger,0.0,0.0,0.0,1.0,1.0,1.0,0.0,0.0,0.0,0.0
policymak opinion,1.0,0.0,0.0,0.0,0.0,0.0,0.0,0.0,0.0,0.0
popular ornament,0.0,0.0,0.0,0.0,0.0,0.0,0.0,0.0,0.0,1.0
possibl even,0.0,1.0,0.0,0.0,0.0,0.0,0.0,0.0,0.0,0.0
possibl late,0.0,1.0,0.0,0.0,0.0,0.0,0.0,0.0,0.0,0.0
possibl make,0.0,0.0,0.0,0.0,0.0,0.0,0.0,0.0,1.0,0.0
potenti known,0.0,0.0,0.0,0.0,0.0,0.0,0.0,0.0,0.0,1.0
predict help,0.0,0.0,0.0,0.0,0.0,0.0,0.0,0.0,0.0,1.0
predict quarter,0.0,0.0,0.0,1.0,1.0,1.0,0.0,0.0,0.0,0.0
prefer tropic,0.0,0.0,0.0,0.0,0.0,0.0,0.0,0.0,0.0,1.0
premier toronto,0.0,0.0,0.0,0.0,0.0,0.0,0.0,0.0,1.0,0.0
presum heavi,0.0,0.0,0.0,0.0,0.0,0.0,0.0,0.0,1.0,0.0
previou film,0.0,0.0,0.0,0.0,0.0,0.0,0.0,0.0,1.0,0.0
previous held,0.0,0.0,0.0,0.0,0.0,0.0,0.0,1.0,0.0,0.0
previous purchas,0.0,0.0,1.0,0.0,0.0,0.0,0.0,0.0,0.0,0.0
price drop,0.0,0.0,1.0,0.0,0.0,0.0,0.0,0.0,0.0,0.0
prime minist,0.0,0.0,0.0,1.0,1.0,1.0,0.0,0.0,0.0,0.0
princ becom,0.0,0.0,0.0,0.0,0.0,0.0,0.0,1.0,0.0,0.0
prioriti public,0.0,0.0,0.0,0.0,0.0,0.0,1.0,0.0,0.0,0.0
prioriti region,0.0,0.0,0.0,0.0,0.0,0.0,0.0,0.0,0.0,1.0
prioritis conserv,0.0,0.0,0.0,0.0,0.0,0.0,0.0,0.0,0.0,1.0
pro watch,0.0,0.0,0.0,1.0,1.0,1.0,0.0,0.0,0.0,0.0
probabl escap,0.0,1.0,0.0,0.0,0.0,0.0,0.0,0.0,0.0,0.0
problem algorithm,1.0,0.0,0.0,0.0,0.0,0.0,0.0,0.0,0.0,0.0
process saw,0.0,0.0,0.0,0.0,0.0,0.0,1.0,0.0,0.0,0.0
product increas,0.0,0.0,0.0,1.0,1.0,1.0,0.0,0.0,0.0,0.0
product india,0.0,0.0,0.0,1.0,1.0,1.0,0.0,0.0,0.0,0.0
product iphon,0.0,0.0,0.0,1.0,1.0,1.0,0.0,0.0,0.0,0.0
product outsid,0.0,0.0,0.0,1.0,1.0,1.0,0.0,0.0,0.0,0.0
product south,0.0,0.0,0.0,1.0,1.0,1.0,0.0,0.0,0.0,0.0
prompt kew,0.0,0.0,0.0,0.0,0.0,0.0,0.0,0.0,0.0,1.0
protect biodivers,0.0,0.0,0.0,0.0,0.0,0.0,0.0,0.0,0.0,1.0
protect import,1.0,0.0,0.0,0.0,0.0,0.0,0.0,0.0,0.0,0.0
protect plant,0.0,0.0,0.0,0.0,0.0,0.0,0.0,0.0,0.0,1.0
provid build,0.0,0.0,0.0,0.0,0.0,0.0,0.0,0.0,0.0,1.0
provid million,0.0,0.0,0.0,0.0,0.0,0.0,0.0,0.0,0.0,1.0
provid valu,0.0,0.0,0.0,0.0,0.0,0.0,1.0,0.0,0.0,0.0
public recent,0.0,0.0,0.0,0.0,0.0,0.0,0.0,1.0,0.0,0.0
public servic,0.0,0.0,0.0,0.0,0.0,0.0,1.0,0.0,0.0,0.0
publish natur,0.0,0.0,0.0,0.0,0.0,0.0,0.0,0.0,0.0,1.0
pugh chri,0.0,0.0,0.0,0.0,0.0,0.0,0.0,1.0,0.0,0.0
pull artemi,0.0,1.0,0.0,0.0,0.0,0.0,0.0,0.0,0.0,0.0
purchas small,0.0,0.0,1.0,0.0,0.0,0.0,0.0,0.0,0.0,0.0
put fan,0.0,0.0,0.0,0.0,0.0,0.0,0.0,1.0,0.0,0.0
put west,0.0,1.0,0.0,0.0,0.0,0.0,0.0,0.0,0.0,0.0
quarter iphon,0.0,0.0,0.0,1.0,1.0,1.0,0.0,0.0,0.0,0.0
quarterli loss,0.0,0.0,1.0,0.0,0.0,0.0,0.0,0.0,0.0,0.0
question societi,1.0,0.0,0.0,0.0,0.0,0.0,0.0,0.0,0.0,0.0
quit brutal,0.0,0.0,0.0,0.0,0.0,0.0,0.0,0.0,1.0,0.0
r camara,0.0,0.0,0.0,0.0,0.0,0.0,0.0,0.0,0.0,1.0
rahimi netflix,0.0,0.0,1.0,0.0,0.0,0.0,0.0,0.0,0.0,0.0
rain forecast,0.0,1.0,0.0,0.0,0.0,0.0,0.0,0.0,0.0,0.0
rais import,1.0,0.0,0.0,0.0,0.0,0.0,0.0,0.0,0.0,0.0
rang forecast,0.0,1.0,0.0,0.0,0.0,0.0,0.0,0.0,0.0,0.0
rang tool,1.0,0.0,0.0,0.0,0.0,0.0,0.0,0.0,0.0,0.0
rank becom,0.0,0.0,0.0,0.0,0.0,0.0,0.0,1.0,0.0,0.0
rather featur,0.0,0.0,0.0,0.0,0.0,0.0,0.0,0.0,1.0,0.0
rattan bridg,0.0,0.0,0.0,0.0,0.0,0.0,0.0,0.0,0.0,1.0
ray cyru,0.0,0.0,0.0,0.0,0.0,0.0,0.0,1.0,0.0,0.0
rbg kew,0.0,0.0,0.0,0.0,0.0,0.0,0.0,0.0,0.0,1.0
readi initi,0.0,1.0,0.0,0.0,0.0,0.0,0.0,0.0,0.0,0.0
real life,0.0,0.0,0.0,0.0,0.0,0.0,0.0,0.0,1.0,0.0
realiti hit,0.0,0.0,0.0,0.0,0.0,0.0,0.0,0.0,1.0,0.0
realiti war,0.0,0.0,0.0,0.0,0.0,0.0,0.0,0.0,1.0,0.0
recent hour,0.0,1.0,0.0,0.0,0.0,0.0,0.0,0.0,0.0,0.0
recent week,0.0,0.0,0.0,0.0,0.0,0.0,0.0,1.0,0.0,0.0
recommend get,1.0,0.0,0.0,0.0,0.0,0.0,0.0,0.0,0.0,0.0
record previous,0.0,0.0,0.0,0.0,0.0,0.0,0.0,1.0,0.0,0.0
record week,0.0,0.0,0.0,0.0,0.0,0.0,0.0,1.0,0.0,0.0
region activ,0.0,0.0,0.0,0.0,0.0,0.0,1.0,0.0,0.0,0.0
region emphasis,0.0,0.0,0.0,0.0,0.0,0.0,0.0,0.0,0.0,1.0
region host,0.0,0.0,0.0,0.0,0.0,0.0,1.0,0.0,0.0,0.0
region palm,0.0,0.0,0.0,0.0,0.0,0.0,0.0,0.0,0.0,2.0
regulatori approach,1.0,0.0,0.0,0.0,0.0,0.0,0.0,0.0,0.0,0.0
reign week,0.0,0.0,0.0,0.0,0.0,0.0,0.0,1.0,0.0,0.0
rel popular,0.0,0.0,0.0,0.0,0.0,0.0,0.0,0.0,0.0,1.0
releas award,0.0,0.0,0.0,0.0,0.0,0.0,0.0,0.0,1.0,0.0
remain citi,0.0,0.0,0.0,0.0,0.0,0.0,1.0,0.0,0.0,0.0
report also,0.0,0.0,0.0,1.0,1.0,1.0,0.0,0.0,0.0,0.0
report behind,0.0,0.0,0.0,0.0,0.0,0.0,0.0,1.0,0.0,0.0
report last,0.0,0.0,0.0,1.0,1.0,1.0,0.0,0.0,0.0,0.0
requir song,0.0,0.0,0.0,0.0,0.0,0.0,1.0,0.0,0.0,0.0
research accord,3.0,0.0,0.0,0.0,0.0,0.0,0.0,0.0,0.0,0.0
research ai,1.0,0.0,0.0,0.0,0.0,0.0,0.0,0.0,0.0,0.0
research leader,0.0,0.0,0.0,0.0,0.0,0.0,0.0,0.0,0.0,1.0
research publish,0.0,0.0,0.0,0.0,0.0,0.0,0.0,0.0,0.0,1.0
respect spent,0.0,0.0,0.0,0.0,0.0,0.0,0.0,1.0,0.0,0.0
result insight,1.0,0.0,0.0,0.0,0.0,0.0,0.0,0.0,0.0,0.0
rethink integr,1.0,0.0,0.0,0.0,0.0,0.0,0.0,0.0,0.0,0.0
retreat expect,0.0,1.0,0.0,0.0,0.0,0.0,0.0,0.0,0.0,0.0
return kennedi,0.0,1.0,0.0,0.0,0.0,0.0,0.0,0.0,0.0,0.0
return lunar,0.0,1.0,0.0,0.0,0.0,0.0,0.0,0.0,0.0,0.0
reuter imag,0.0,0.0,0.0,0.0,0.0,0.0,0.0,1.0,0.0,0.0
reveal iphon,0.0,0.0,0.0,1.0,1.0,1.0,0.0,0.0,0.0,0.0
review style,0.0,0.0,0.0,0.0,0.0,0.0,0.0,1.0,0.0,0.0
right style,0.0,0.0,0.0,0.0,0.0,0.0,0.0,1.0,0.0,0.0
rise china,0.0,0.0,0.0,1.0,1.0,1.0,0.0,0.0,0.0,0.0
rise washington,0.0,0.0,0.0,1.0,1.0,1.0,0.0,0.0,0.0,0.0
risk entir,0.0,0.0,0.0,0.0,0.0,0.0,0.0,0.0,0.0,1.0
risk extinct,0.0,0.0,0.0,0.0,0.0,0.0,0.0,0.0,0.0,1.0
risk lesser,0.0,0.0,0.0,0.0,0.0,0.0,0.0,0.0,0.0,1.0
risk multi,0.0,1.0,0.0,0.0,0.0,0.0,0.0,0.0,0.0,0.0
risk said,0.0,0.0,0.0,0.0,0.0,0.0,0.0,0.0,0.0,1.0
risk time,0.0,0.0,0.0,0.0,0.0,0.0,0.0,0.0,0.0,1.0
riversid arena,0.0,0.0,0.0,0.0,0.0,0.0,1.0,0.0,0.0,0.0
road lil,0.0,0.0,0.0,0.0,0.0,0.0,0.0,1.0,0.0,0.0
rocket could,0.0,1.0,0.0,0.0,0.0,0.0,0.0,0.0,0.0,0.0
rocket damag,0.0,1.0,0.0,0.0,0.0,0.0,0.0,0.0,0.0,0.0
rocket launch,0.0,1.0,0.0,0.0,0.0,0.0,0.0,0.0,0.0,0.0
rodrigo cámara,0.0,0.0,0.0,0.0,0.0,0.0,0.0,0.0,0.0,1.0
roll back,0.0,2.0,0.0,0.0,0.0,0.0,0.0,0.0,0.0,0.0
ron desanti,0.0,1.0,0.0,0.0,0.0,0.0,0.0,0.0,0.0,0.0
ronson sir,0.0,0.0,0.0,0.0,0.0,0.0,0.0,1.0,0.0,0.0
roof roundhous,0.0,0.0,0.0,0.0,0.0,0.0,0.0,0.0,0.0,1.0
rope bridg,0.0,0.0,0.0,0.0,0.0,0.0,0.0,0.0,0.0,1.0
roundhous amazon,0.0,0.0,0.0,0.0,0.0,0.0,0.0,0.0,0.0,1.0
roundhous imag,0.0,0.0,0.0,0.0,0.0,0.0,0.0,0.0,0.0,1.0
royal botan,0.0,0.0,0.0,0.0,0.0,0.0,0.0,0.0,0.0,1.0
rubber oil,0.0,0.0,0.0,0.0,0.0,0.0,0.0,0.0,0.0,1.0
run ever,0.0,0.0,0.0,0.0,0.0,0.0,0.0,0.0,2.0,0.0
run number,0.0,0.0,0.0,0.0,0.0,0.0,0.0,2.0,0.0,0.0
runner may,0.0,0.0,0.0,0.0,0.0,0.0,1.0,0.0,0.0,0.0
russel crow,0.0,0.0,0.0,0.0,0.0,0.0,0.0,0.0,1.0,0.0
ryder runner,0.0,0.0,0.0,0.0,0.0,0.0,1.0,0.0,0.0,0.0
safeti capabl,0.0,0.0,0.0,1.0,1.0,1.0,0.0,0.0,0.0,0.0
safeti demonstr,0.0,1.0,0.0,0.0,0.0,0.0,0.0,0.0,0.0,0.0
said action,0.0,0.0,0.0,0.0,0.0,0.0,0.0,0.0,0.0,1.0
said dr,0.0,0.0,0.0,0.0,0.0,0.0,0.0,0.0,0.0,1.0
said expect,0.0,0.0,0.0,1.0,1.0,1.0,0.0,0.0,0.0,0.0
said statement,0.0,0.0,0.0,1.0,1.0,1.0,0.0,0.0,0.0,0.0
said studi,0.0,0.0,0.0,0.0,0.0,0.0,0.0,0.0,0.0,1.0
said two,0.0,0.0,0.0,0.0,0.0,0.0,1.0,0.0,0.0,0.0
sam ryder,0.0,0.0,0.0,0.0,0.0,0.0,1.0,0.0,0.0,0.0
saw uk,0.0,0.0,0.0,0.0,0.0,0.0,1.0,0.0,0.0,0.0
say believ,0.0,0.0,0.0,0.0,0.0,0.0,0.0,0.0,1.0,0.0
say space,0.0,1.0,0.0,0.0,0.0,0.0,0.0,0.0,0.0,0.0
say start,0.0,0.0,0.0,1.0,1.0,1.0,0.0,0.0,0.0,0.0
say wild,0.0,0.0,0.0,0.0,0.0,0.0,0.0,0.0,0.0,1.0
scene drama,0.0,0.0,0.0,0.0,0.0,0.0,0.0,1.0,0.0,0.0
schedul sl,0.0,1.0,0.0,0.0,0.0,0.0,0.0,0.0,0.0,0.0
school studio,0.0,0.0,1.0,0.0,0.0,0.0,0.0,0.0,0.0,0.0
scientist concern,0.0,0.0,0.0,0.0,0.0,0.0,0.0,0.0,0.0,1.0
scientist use,0.0,0.0,0.0,0.0,0.0,0.0,0.0,0.0,0.0,1.0
score set,0.0,0.0,0.0,0.0,0.0,0.0,1.0,0.0,0.0,0.0
score week,0.0,0.0,0.0,0.0,0.0,0.0,0.0,1.0,0.0,0.0
screen feud,0.0,0.0,0.0,0.0,0.0,0.0,0.0,1.0,0.0,0.0
screen local,0.0,0.0,0.0,0.0,0.0,0.0,1.0,0.0,0.0,0.0
second half,0.0,1.0,0.0,0.0,0.0,0.0,0.0,0.0,0.0,0.0
secur health,1.0,0.0,0.0,0.0,0.0,0.0,0.0,0.0,0.0,0.0
see human,0.0,1.0,0.0,0.0,0.0,0.0,0.0,0.0,0.0,0.0
see smile,0.0,0.0,0.0,0.0,0.0,0.0,0.0,0.0,1.0,0.0
seen expect,0.0,1.0,0.0,0.0,0.0,0.0,0.0,0.0,0.0,0.0
select process,0.0,0.0,0.0,0.0,0.0,0.0,1.0,0.0,0.0,0.0
send capsul,0.0,1.0,0.0,0.0,0.0,0.0,0.0,0.0,0.0,0.0
seri mission,0.0,1.0,0.0,0.0,0.0,0.0,0.0,0.0,0.0,0.0
serv four,0.0,0.0,0.0,0.0,0.0,0.0,0.0,0.0,1.0,0.0
servic broadcast,0.0,0.0,0.0,0.0,0.0,0.0,1.0,0.0,0.0,0.0
set criteria,0.0,0.0,0.0,0.0,0.0,0.0,1.0,0.0,0.0,0.0
set four,0.0,0.0,0.0,0.0,0.0,0.0,0.0,0.0,1.0,0.0
set video,0.0,0.0,1.0,0.0,0.0,0.0,0.0,0.0,0.0,0.0
seven final,0.0,0.0,0.0,0.0,0.0,0.0,1.0,0.0,0.0,0.0
seven shortlist,0.0,0.0,0.0,0.0,0.0,0.0,1.0,0.0,0.0,0.0
seven two,0.0,0.0,0.0,0.0,0.0,0.0,1.0,0.0,0.0,0.0
share price,0.0,0.0,1.0,0.0,0.0,0.0,0.0,0.0,0.0,0.0
sheffield miss,0.0,0.0,0.0,0.0,0.0,0.0,1.0,0.0,0.0,0.0
shelter roof,0.0,0.0,0.0,0.0,0.0,0.0,0.0,0.0,0.0,1.0
shift eastward,0.0,1.0,0.0,0.0,0.0,0.0,0.0,0.0,0.0,0.0
shift product,0.0,0.0,0.0,1.0,1.0,1.0,0.0,0.0,0.0,0.0
shortlist citi,0.0,0.0,0.0,0.0,0.0,0.0,2.0,0.0,0.0,0.0
show make,0.0,0.0,0.0,0.0,0.0,0.0,1.0,0.0,0.0,0.0
show narrow,0.0,0.0,0.0,0.0,0.0,0.0,1.0,0.0,0.0,0.0
showcas ukrainian,0.0,0.0,0.0,0.0,0.0,0.0,1.0,0.0,0.0,0.0
sidoni bellot,0.0,0.0,0.0,0.0,0.0,0.0,0.0,0.0,0.0,1.0
sign agreement,0.0,0.0,0.0,1.0,1.0,1.0,0.0,0.0,0.0,0.0
signific interest,0.0,0.0,0.0,0.0,0.0,0.0,0.0,0.0,1.0,0.0
signific public,0.0,0.0,0.0,0.0,0.0,0.0,0.0,1.0,0.0,0.0
silli guy,0.0,0.0,0.0,0.0,0.0,0.0,0.0,0.0,1.0,0.0
silli idea,0.0,0.0,0.0,0.0,0.0,0.0,0.0,0.0,1.0,0.0
simpl loop,0.0,1.0,0.0,0.0,0.0,0.0,0.0,0.0,0.0,0.0
sinc make,0.0,0.0,0.0,1.0,1.0,1.0,0.0,0.0,0.0,0.0
singer sam,0.0,0.0,0.0,0.0,0.0,0.0,1.0,0.0,0.0,0.0
singl artist,0.0,0.0,0.0,0.0,0.0,0.0,0.0,1.0,0.0,0.0
singl chart,0.0,0.0,0.0,0.0,0.0,0.0,0.0,1.0,0.0,0.0
singl rank,0.0,0.0,0.0,0.0,0.0,0.0,0.0,1.0,0.0,0.0
sir elton,0.0,0.0,0.0,0.0,0.0,0.0,0.0,1.0,0.0,0.0
sl late,0.0,1.0,0.0,0.0,0.0,0.0,0.0,0.0,0.0,0.0
sl orion,0.0,1.0,0.0,0.0,0.0,0.0,0.0,0.0,0.0,0.0
sl uncrew,0.0,1.0,0.0,0.0,0.0,0.0,0.0,0.0,0.0,0.0
sl vehicl,0.0,1.0,0.0,0.0,0.0,0.0,0.0,0.0,0.0,0.0
slow speed,0.0,1.0,0.0,0.0,0.0,0.0,0.0,0.0,0.0,0.0
small game,0.0,0.0,1.0,0.0,0.0,0.0,0.0,0.0,0.0,0.0
smart citi,1.0,0.0,0.0,0.0,0.0,0.0,0.0,0.0,0.0,0.0
smartphon continu,0.0,0.0,0.0,1.0,1.0,1.0,0.0,0.0,0.0,0.0
smartphon market,0.0,0.0,0.0,1.0,1.0,1.0,0.0,0.0,0.0,0.0
smile get,0.0,0.0,0.0,0.0,0.0,0.0,0.0,0.0,1.0,0.0
societi economi,1.0,0.0,0.0,0.0,0.0,0.0,0.0,0.0,0.0,0.0
soldier low,0.0,0.0,0.0,0.0,0.0,0.0,0.0,0.0,1.0,0.0
someth uniqu,0.0,0.0,0.0,0.0,0.0,0.0,0.0,0.0,1.0,0.0
somewhat donohu,0.0,0.0,0.0,0.0,0.0,0.0,0.0,0.0,1.0,0.0
somewhat trivial,0.0,0.0,0.0,0.0,0.0,0.0,0.0,0.0,1.0,0.0
song contest,0.0,0.0,0.0,0.0,0.0,0.0,2.0,0.0,0.0,0.0
song score,0.0,0.0,0.0,0.0,0.0,0.0,0.0,1.0,0.0,0.0
soon possibl,0.0,1.0,0.0,0.0,0.0,0.0,0.0,0.0,0.0,0.0
sound like,0.0,0.0,0.0,0.0,0.0,0.0,0.0,0.0,1.0,0.0
sourc getti,0.0,0.0,0.0,0.0,0.0,0.0,0.0,0.0,1.0,0.0
sourc jeff,0.0,0.0,0.0,0.0,0.0,0.0,1.0,0.0,0.0,0.0
sourc r,0.0,0.0,0.0,0.0,0.0,0.0,0.0,0.0,0.0,1.0
sourc rbg,0.0,0.0,0.0,0.0,0.0,0.0,0.0,0.0,0.0,1.0
sourc reuter,0.0,0.0,0.0,0.0,0.0,0.0,0.0,1.0,0.0,0.0
sourc terri,0.0,0.0,0.0,0.0,0.0,0.0,0.0,0.0,0.0,1.0
south asian,0.0,0.0,0.0,1.0,1.0,1.0,0.0,0.0,0.0,0.0
south east,0.0,0.0,0.0,1.0,1.0,1.0,0.0,0.0,0.0,0.0
south korean,0.0,0.0,0.0,1.0,1.0,1.0,0.0,0.0,0.0,0.0
southern indian,0.0,0.0,0.0,1.0,1.0,1.0,0.0,0.0,0.0,0.0
space agenc,0.0,1.0,0.0,0.0,0.0,0.0,0.0,0.0,0.0,0.0
space center,0.0,1.0,0.0,0.0,0.0,0.0,0.0,0.0,0.0,0.0
space deliv,0.0,0.0,0.0,0.0,0.0,0.0,1.0,0.0,0.0,0.0
space launch,0.0,1.0,0.0,0.0,0.0,0.0,0.0,0.0,0.0,0.0
spaceport probabl,0.0,1.0,0.0,0.0,0.0,0.0,0.0,0.0,0.0,0.0
speci conserv,0.0,0.0,0.0,0.0,0.0,0.0,0.0,0.0,0.0,1.0
speci know,0.0,0.0,0.0,0.0,0.0,0.0,0.0,0.0,0.0,1.0
speci palm,0.0,0.0,0.0,0.0,0.0,0.0,0.0,0.0,0.0,2.0
speci support,0.0,0.0,0.0,0.0,0.0,0.0,0.0,0.0,0.0,1.0
speci threat,0.0,0.0,0.0,0.0,0.0,0.0,0.0,0.0,0.0,2.0
speci use,0.0,0.0,0.0,0.0,0.0,0.0,0.0,0.0,0.0,1.0
speed crawler,0.0,1.0,0.0,0.0,0.0,0.0,0.0,0.0,0.0,0.0
spent week,0.0,0.0,0.0,0.0,0.0,0.0,0.0,2.0,0.0,0.0
splashdown pacif,0.0,1.0,0.0,0.0,0.0,0.0,0.0,0.0,0.0,0.0
stage competit,0.0,0.0,0.0,0.0,0.0,0.0,1.0,0.0,0.0,0.0
stage year,0.0,0.0,0.0,0.0,0.0,0.0,1.0,0.0,0.0,0.0
standbi pad,0.0,1.0,0.0,0.0,0.0,0.0,0.0,0.0,0.0,0.0
stapl crop,0.0,0.0,0.0,0.0,0.0,0.0,0.0,0.0,0.0,1.0
star florenc,0.0,0.0,0.0,0.0,0.0,0.0,0.0,1.0,0.0,0.0
star follow,0.0,0.0,0.0,0.0,0.0,0.0,0.0,1.0,0.0,0.0
star worri,0.0,0.0,0.0,0.0,0.0,0.0,0.0,1.0,0.0,0.0
star zac,0.0,0.0,0.0,0.0,0.0,0.0,0.0,0.0,1.0,0.0
start light,0.0,0.0,0.0,0.0,0.0,0.0,0.0,0.0,1.0,0.0
start magic,0.0,0.0,0.0,0.0,0.0,0.0,0.0,0.0,1.0,0.0
start make,0.0,0.0,0.0,1.0,1.0,1.0,0.0,0.0,0.0,0.0
state emerg,0.0,1.0,0.0,0.0,0.0,0.0,0.0,0.0,0.0,0.0
state media,0.0,0.0,0.0,1.0,1.0,1.0,0.0,0.0,0.0,0.0
state tamil,0.0,0.0,0.0,1.0,1.0,1.0,0.0,0.0,0.0,0.0
stay pad,0.0,1.0,0.0,0.0,0.0,0.0,0.0,0.0,0.0,0.0
steven bachman,0.0,0.0,0.0,0.0,0.0,0.0,0.0,0.0,0.0,1.0
still pay,0.0,0.0,0.0,1.0,1.0,1.0,0.0,0.0,0.0,0.0
still protect,1.0,0.0,0.0,0.0,0.0,0.0,0.0,0.0,0.0,0.0
still subscrib,0.0,0.0,1.0,0.0,0.0,0.0,0.0,0.0,0.0,0.0
stori chicki,0.0,0.0,0.0,0.0,0.0,0.0,0.0,0.0,1.0,0.0
stori chosen,0.0,0.0,0.0,0.0,0.0,0.0,0.0,0.0,1.0,0.0
stori sound,0.0,0.0,0.0,0.0,0.0,0.0,0.0,0.0,1.0,0.0
storm impact,0.0,1.0,0.0,0.0,0.0,0.0,0.0,0.0,0.0,0.0
storm track,0.0,1.0,0.0,0.0,0.0,0.0,0.0,0.0,0.0,0.0
strateg prioriti,0.0,0.0,0.0,0.0,0.0,0.0,1.0,0.0,0.0,0.0
stream giant,0.0,0.0,1.0,0.0,0.0,0.0,0.0,0.0,0.0,0.0
strength cultur,0.0,0.0,0.0,0.0,0.0,0.0,1.0,0.0,0.0,0.0
strongest overal,0.0,0.0,0.0,0.0,0.0,0.0,1.0,0.0,0.0,0.0
struggl compet,0.0,0.0,0.0,1.0,1.0,1.0,0.0,0.0,0.0,0.0
studi give,0.0,0.0,0.0,0.0,0.0,0.0,0.0,0.0,0.0,1.0
studi leader,0.0,0.0,0.0,0.0,0.0,0.0,0.0,0.0,0.0,1.0
studio also,0.0,0.0,1.0,0.0,0.0,0.0,0.0,0.0,0.0,0.0
studio announc,0.0,0.0,1.0,0.0,0.0,0.0,0.0,0.0,0.0,0.0
studio blog,0.0,0.0,1.0,0.0,0.0,0.0,0.0,0.0,0.0,0.0
studio intensifi,0.0,0.0,1.0,0.0,0.0,0.0,0.0,0.0,0.0,0.0
studio scratch,0.0,0.0,1.0,0.0,0.0,0.0,0.0,0.0,0.0,0.0
style also,0.0,0.0,0.0,0.0,0.0,0.0,0.0,1.0,0.0,0.0
style gemma,0.0,0.0,0.0,0.0,0.0,0.0,0.0,2.0,0.0,0.0
style hit,0.0,0.0,0.0,0.0,0.0,0.0,0.0,1.0,0.0,0.0
style new,0.0,0.0,0.0,0.0,0.0,0.0,0.0,1.0,0.0,0.0
subscrib april,0.0,0.0,1.0,0.0,0.0,0.0,0.0,0.0,0.0,0.0
subscrib first,0.0,0.0,1.0,0.0,0.0,0.0,0.0,0.0,0.0,0.0
subscrib worldwid,0.0,0.0,1.0,0.0,0.0,0.0,0.0,0.0,0.0,0.0
subtrop climat,0.0,0.0,0.0,0.0,0.0,0.0,0.0,0.0,0.0,1.0
suffici space,0.0,0.0,0.0,0.0,0.0,0.0,1.0,0.0,0.0,0.0
suffici westward,0.0,1.0,0.0,0.0,0.0,0.0,0.0,0.0,0.0,0.0
suggest thousand,0.0,0.0,0.0,0.0,0.0,0.0,0.0,0.0,0.0,1.0
suitabl venu,0.0,0.0,0.0,0.0,0.0,0.0,1.0,0.0,0.0,0.0
sulawesi prioriti,0.0,0.0,0.0,0.0,0.0,0.0,0.0,0.0,0.0,1.0
sunderland imag,0.0,0.0,0.0,0.0,0.0,0.0,0.0,0.0,0.0,1.0
suppli chain,0.0,0.0,0.0,2.0,2.0,2.0,0.0,0.0,0.0,0.0
supplier foxconn,0.0,0.0,0.0,1.0,1.0,1.0,0.0,0.0,0.0,0.0
support creativ,0.0,0.0,0.0,0.0,0.0,0.0,1.0,0.0,0.0,0.0
support million,0.0,0.0,0.0,0.0,0.0,0.0,0.0,0.0,0.0,1.0
surfac absenc,0.0,1.0,0.0,0.0,0.0,0.0,0.0,0.0,0.0,0.0
sweet day,0.0,0.0,0.0,0.0,0.0,0.0,0.0,1.0,0.0,0.0
system sl,0.0,1.0,0.0,0.0,0.0,0.0,0.0,0.0,0.0,0.0
tag iphon,0.0,0.0,0.0,1.0,1.0,1.0,0.0,0.0,0.0,0.0
taiwan base,0.0,0.0,0.0,1.0,1.0,1.0,0.0,0.0,0.0,0.0
taiwan trade,0.0,0.0,0.0,1.0,1.0,1.0,0.0,0.0,0.0,0.0
take best,0.0,1.0,0.0,0.0,0.0,0.0,0.0,0.0,0.0,0.0
take lot,0.0,0.0,0.0,0.0,0.0,0.0,0.0,0.0,1.0,0.0
take place,0.0,1.0,0.0,0.0,0.0,0.0,0.0,0.0,0.0,0.0
take suffici,0.0,1.0,0.0,0.0,0.0,0.0,0.0,0.0,0.0,0.0
tall tree,0.0,0.0,0.0,0.0,0.0,0.0,0.0,0.0,0.0,1.0
tamil nadu,0.0,0.0,0.0,1.0,1.0,1.0,0.0,0.0,0.0,0.0
target speci,0.0,0.0,0.0,0.0,0.0,0.0,0.0,0.0,0.0,1.0
team design,0.0,0.0,0.0,0.0,0.0,0.0,0.0,0.0,0.0,1.0
team investig,0.0,0.0,0.0,0.0,0.0,0.0,0.0,0.0,0.0,1.0
technolog crucial,3.0,0.0,0.0,0.0,0.0,0.0,0.0,0.0,0.0,0.0
technolog giant,0.0,0.0,0.0,1.0,1.0,1.0,0.0,0.0,0.0,0.0
technolog import,0.0,0.0,0.0,1.0,1.0,1.0,0.0,0.0,0.0,0.0
technolog transform,1.0,0.0,0.0,0.0,0.0,0.0,0.0,0.0,0.0,0.0
tell expedit,0.0,0.0,0.0,0.0,0.0,0.0,0.0,0.0,1.0,0.0
tension make,0.0,0.0,0.0,0.0,0.0,0.0,0.0,0.0,1.0,0.0
tension rise,0.0,0.0,0.0,2.0,2.0,2.0,0.0,0.0,0.0,0.0
terri c,0.0,0.0,0.0,0.0,0.0,0.0,0.0,0.0,0.0,1.0
thank media,0.0,0.0,0.0,0.0,0.0,0.0,0.0,1.0,0.0,0.0
thatch amazon,0.0,0.0,0.0,0.0,0.0,0.0,0.0,0.0,0.0,1.0
therefor want,0.0,1.0,0.0,0.0,0.0,0.0,0.0,0.0,0.0,0.0
thing ever,0.0,0.0,0.0,0.0,0.0,0.0,0.0,0.0,1.0,0.0
though still,0.0,0.0,1.0,0.0,0.0,0.0,0.0,0.0,0.0,0.0
thousand palm,0.0,0.0,0.0,0.0,0.0,0.0,0.0,0.0,0.0,1.0
thousand speci,0.0,0.0,0.0,0.0,0.0,0.0,0.0,0.0,0.0,2.0
thousand visitor,0.0,0.0,0.0,0.0,0.0,0.0,1.0,0.0,0.0,0.0
threat europ,0.0,0.0,0.0,0.0,0.0,0.0,0.0,0.0,0.0,1.0
threat said,0.0,0.0,0.0,0.0,0.0,0.0,0.0,0.0,0.0,1.0
threaten extinct,0.0,0.0,0.0,0.0,0.0,0.0,0.0,0.0,0.0,1.0
threaten region,0.0,0.0,0.0,0.0,0.0,0.0,0.0,0.0,0.0,1.0
threaten said,0.0,0.0,0.0,0.0,0.0,0.0,0.0,0.0,0.0,1.0
three wild,0.0,0.0,0.0,0.0,0.0,0.0,0.0,0.0,0.0,1.0
time consum,0.0,0.0,0.0,0.0,0.0,0.0,0.0,0.0,0.0,1.0
time moral,0.0,0.0,0.0,0.0,0.0,0.0,0.0,0.0,1.0,0.0
titl might,0.0,0.0,0.0,0.0,0.0,0.0,0.0,0.0,1.0,0.0
told journalist,0.0,0.0,0.0,0.0,0.0,0.0,0.0,0.0,1.0,0.0
tonal start,0.0,0.0,0.0,0.0,0.0,0.0,0.0,0.0,1.0,0.0
tone chang,0.0,0.0,0.0,0.0,0.0,0.0,0.0,0.0,1.0,0.0
tone film,0.0,0.0,0.0,0.0,0.0,0.0,0.0,0.0,1.0,0.0
tone origin,0.0,0.0,0.0,0.0,0.0,0.0,0.0,0.0,1.0,0.0
took healthi,0.0,0.0,0.0,0.0,0.0,0.0,0.0,1.0,0.0,0.0
took lot,0.0,0.0,0.0,0.0,0.0,0.0,0.0,0.0,1.0,0.0
tool enabl,1.0,0.0,0.0,0.0,0.0,0.0,0.0,0.0,0.0,0.0
tool well,0.0,0.0,0.0,0.0,0.0,0.0,0.0,0.0,0.0,1.0
top billboard,0.0,0.0,0.0,0.0,0.0,0.0,0.0,1.0,0.0,0.0
top music,0.0,0.0,0.0,0.0,0.0,0.0,0.0,1.0,0.0,0.0
top singl,0.0,0.0,0.0,0.0,0.0,0.0,0.0,1.0,0.0,0.0
top spot,0.0,0.0,0.0,0.0,0.0,0.0,0.0,1.0,0.0,0.0
toward diversifi,0.0,0.0,0.0,1.0,1.0,1.0,0.0,0.0,0.0,0.0
town road,0.0,0.0,0.0,0.0,0.0,0.0,0.0,1.0,0.0,0.0
track gulf,0.0,1.0,0.0,0.0,0.0,0.0,0.0,0.0,0.0,0.0
track shift,0.0,1.0,0.0,0.0,0.0,0.0,0.0,0.0,0.0,0.0
tractor standbi,0.0,1.0,0.0,0.0,0.0,0.0,0.0,0.0,0.0,0.0
tradit oscar,0.0,0.0,0.0,0.0,0.0,0.0,0.0,0.0,1.0,0.0
transform everi,1.0,0.0,0.0,0.0,0.0,0.0,0.0,0.0,0.0,0.0
transpar legal,1.0,0.0,0.0,0.0,0.0,0.0,0.0,0.0,0.0,0.0
transport move,0.0,1.0,0.0,0.0,0.0,0.0,0.0,0.0,0.0,0.0
transport smart,1.0,0.0,0.0,0.0,0.0,0.0,0.0,0.0,0.0,0.0
travel across,0.0,0.0,0.0,0.0,0.0,0.0,0.0,0.0,1.0,0.0
tree cameroon,0.0,0.0,0.0,0.0,0.0,0.0,0.0,0.0,0.0,1.0
tree climb,0.0,0.0,0.0,0.0,0.0,0.0,0.0,0.0,0.0,1.0
tree face,0.0,0.0,0.0,0.0,0.0,0.0,0.0,0.0,0.0,2.0
tree host,0.0,0.0,0.0,0.0,0.0,0.0,0.0,0.0,0.0,1.0
tree rattan,0.0,0.0,0.0,0.0,0.0,0.0,0.0,0.0,0.0,1.0
tree risk,0.0,0.0,0.0,0.0,0.0,0.0,0.0,0.0,0.0,1.0
tri bring,0.0,0.0,0.0,0.0,0.0,0.0,0.0,0.0,1.0,0.0
trigger widespread,0.0,0.0,0.0,1.0,1.0,1.0,0.0,0.0,0.0,0.0
trip lunar,0.0,1.0,0.0,0.0,0.0,0.0,0.0,0.0,0.0,0.0
trivial titl,0.0,0.0,0.0,0.0,0.0,0.0,0.0,0.0,1.0,0.0
tropic one,0.0,0.0,0.0,0.0,0.0,0.0,0.0,0.0,0.0,1.0
tropic subtrop,0.0,0.0,0.0,0.0,0.0,0.0,0.0,0.0,0.0,1.0
true stori,0.0,0.0,0.0,0.0,0.0,0.0,0.0,0.0,2.0,0.0
turin advic,0.0,0.0,0.0,0.0,0.0,0.0,1.0,0.0,0.0,0.0
tv new,0.0,0.0,0.0,0.0,0.0,0.0,0.0,0.0,1.0,0.0
tv viewer,0.0,0.0,0.0,0.0,0.0,0.0,1.0,0.0,0.0,0.0
two remain,0.0,0.0,0.0,0.0,0.0,0.0,1.0,0.0,0.0,0.0
u european,1.0,0.0,0.0,0.0,0.0,0.0,0.0,0.0,0.0,0.0
uk april,0.0,0.0,0.0,0.0,0.0,0.0,0.0,1.0,0.0,0.0
uk chosen,0.0,0.0,0.0,0.0,0.0,0.0,1.0,0.0,0.0,0.0
uk citi,0.0,0.0,0.0,0.0,0.0,0.0,1.0,0.0,0.0,0.0
uk eurovis,0.0,0.0,0.0,0.0,0.0,0.0,1.0,0.0,0.0,0.0
uk singer,0.0,0.0,0.0,0.0,0.0,0.0,1.0,0.0,0.0,0.0
ukrain ongo,0.0,0.0,0.0,0.0,0.0,0.0,1.0,0.0,0.0,0.0
ukrainian cultur,0.0,0.0,0.0,0.0,0.0,0.0,1.0,0.0,0.0,0.0
ultra india,0.0,0.0,0.0,1.0,1.0,1.0,0.0,0.0,0.0,0.0
uncrew bill,0.0,1.0,0.0,0.0,0.0,0.0,0.0,0.0,0.0,0.0
union close,1.0,0.0,0.0,0.0,0.0,0.0,0.0,0.0,0.0,0.0
uniqu come,0.0,0.0,0.0,0.0,0.0,0.0,0.0,0.0,1.0,0.0
univers zurich,0.0,0.0,0.0,0.0,0.0,0.0,0.0,0.0,0.0,1.0
unveil latest,0.0,0.0,0.0,1.0,1.0,1.0,0.0,0.0,0.0,0.0
uptown funk,0.0,0.0,0.0,0.0,0.0,0.0,0.0,1.0,0.0,0.0
us chart,0.0,0.0,0.0,0.0,0.0,0.0,0.0,1.0,0.0,0.0
us cinema,0.0,0.0,0.0,0.0,0.0,0.0,0.0,1.0,0.0,0.0
us giant,0.0,0.0,0.0,1.0,1.0,1.0,0.0,0.0,0.0,0.0
us marin,0.0,0.0,0.0,0.0,0.0,0.0,0.0,0.0,1.0,0.0
us singl,0.0,0.0,0.0,0.0,0.0,0.0,0.0,1.0,0.0,0.0
us taiwan,0.0,0.0,0.0,1.0,1.0,1.0,0.0,0.0,0.0,0.0
use ad,0.0,0.0,0.0,0.0,0.0,0.0,0.0,0.0,0.0,1.0
use artifici,0.0,0.0,0.0,0.0,0.0,0.0,0.0,0.0,0.0,1.0
use includ,0.0,0.0,0.0,0.0,0.0,0.0,0.0,0.0,0.0,1.0
use make,0.0,0.0,0.0,0.0,0.0,0.0,0.0,0.0,0.0,1.0
use may,0.0,0.0,0.0,0.0,0.0,0.0,0.0,0.0,0.0,1.0
use palm,0.0,0.0,0.0,0.0,0.0,0.0,0.0,0.0,0.0,1.0
use result,1.0,0.0,0.0,0.0,0.0,0.0,0.0,0.0,0.0,0.0
use shelter,0.0,0.0,0.0,0.0,0.0,0.0,0.0,0.0,0.0,1.0
vab delay,0.0,1.0,0.0,0.0,0.0,0.0,0.0,0.0,0.0,0.0
vab take,0.0,1.0,0.0,0.0,0.0,0.0,0.0,0.0,0.0,0.0
valu audienc,0.0,0.0,0.0,0.0,0.0,0.0,1.0,0.0,0.0,0.0
vanish even,0.0,0.0,0.0,0.0,0.0,0.0,0.0,0.0,0.0,1.0
vanuatu new,0.0,0.0,0.0,0.0,0.0,0.0,0.0,0.0,0.0,1.0
varieti delight,0.0,0.0,1.0,0.0,0.0,0.0,0.0,0.0,0.0,0.0
vedanta build,0.0,0.0,0.0,1.0,1.0,1.0,0.0,0.0,0.0,0.0
vehicl assembl,0.0,1.0,0.0,0.0,0.0,0.0,0.0,0.0,0.0,0.0
vehicl roll,0.0,1.0,0.0,0.0,0.0,0.0,0.0,0.0,0.0,0.0
venu ferrel,0.0,0.0,0.0,0.0,0.0,0.0,1.0,0.0,0.0,0.0
venu strongest,0.0,0.0,0.0,0.0,0.0,0.0,1.0,0.0,0.0,0.0
venu suffici,0.0,0.0,0.0,0.0,0.0,0.0,1.0,0.0,0.0,0.0
version handset,0.0,0.0,0.0,1.0,1.0,1.0,0.0,0.0,0.0,0.0
video game,0.0,0.0,1.0,0.0,0.0,0.0,0.0,0.0,0.0,0.0
video rather,0.0,0.0,0.0,0.0,0.0,0.0,0.0,0.0,1.0,0.0
vietnam accord,0.0,0.0,0.0,1.0,1.0,1.0,0.0,0.0,0.0,0.0
vietnam nut,0.0,0.0,0.0,0.0,0.0,0.0,0.0,0.0,1.0,0.0
vietnam realiti,0.0,0.0,0.0,0.0,0.0,0.0,0.0,0.0,1.0,0.0
vietnam vanuatu,0.0,0.0,0.0,0.0,0.0,0.0,0.0,0.0,0.0,1.0
vietnam war,0.0,0.0,0.0,0.0,0.0,0.0,0.0,0.0,1.0,0.0
vietnames state,0.0,0.0,0.0,1.0,1.0,1.0,0.0,0.0,0.0,0.0
viewer around,0.0,0.0,0.0,0.0,0.0,0.0,1.0,0.0,0.0,0.0
vision build,0.0,0.0,1.0,0.0,0.0,0.0,0.0,0.0,0.0,0.0
visitor attent,0.0,0.0,0.0,0.0,0.0,0.0,1.0,0.0,0.0,0.0
vp game,0.0,0.0,1.0,0.0,0.0,0.0,0.0,0.0,0.0,0.0
walk life,1.0,0.0,0.0,0.0,0.0,0.0,0.0,0.0,0.0,0.0
want get,0.0,1.0,0.0,0.0,0.0,0.0,0.0,0.0,0.0,0.0
washington beij,0.0,0.0,0.0,1.0,1.0,1.0,0.0,0.0,0.0,0.0
watch ultra,0.0,0.0,0.0,1.0,1.0,1.0,0.0,0.0,0.0,0.0
way soon,0.0,1.0,0.0,0.0,0.0,0.0,0.0,0.0,0.0,0.0
way uk,0.0,0.0,0.0,0.0,0.0,0.0,1.0,0.0,0.0,0.0
week broadcast,0.0,0.0,0.0,0.0,0.0,0.0,1.0,0.0,0.0,0.0
week chart,0.0,0.0,0.0,0.0,0.0,0.0,0.0,1.0,0.0,0.0
week number,0.0,0.0,0.0,0.0,0.0,0.0,0.0,1.0,0.0,0.0
week thank,0.0,0.0,0.0,0.0,0.0,0.0,0.0,1.0,0.0,0.0
week top,0.0,0.0,0.0,0.0,0.0,0.0,0.0,2.0,0.0,0.0
weekend north,0.0,0.0,0.0,0.0,0.0,0.0,0.0,1.0,0.0,0.0
well food,0.0,0.0,0.0,0.0,0.0,0.0,0.0,0.0,0.0,1.0
well showcas,0.0,0.0,0.0,0.0,0.0,0.0,1.0,0.0,0.0,0.0
west coast,0.0,1.0,0.0,0.0,0.0,0.0,0.0,0.0,0.0,0.0
westward rocket,0.0,1.0,0.0,0.0,0.0,0.0,0.0,0.0,0.0,0.0
wide rang,1.0,0.0,0.0,0.0,0.0,0.0,0.0,0.0,0.0,0.0
widespread despit,2.0,0.0,0.0,0.0,0.0,0.0,0.0,0.0,0.0,0.0
widespread lack,1.0,0.0,0.0,0.0,0.0,0.0,0.0,0.0,0.0,0.0
widespread lockdown,0.0,0.0,0.0,1.0,1.0,1.0,0.0,0.0,0.0,0.0
wild imag,0.0,0.0,0.0,0.0,0.0,0.0,0.0,1.0,0.0,0.0
wild plant,0.0,0.0,0.0,0.0,0.0,0.0,0.0,0.0,0.0,1.0
wild put,0.0,0.0,0.0,0.0,0.0,0.0,0.0,1.0,0.0,0.0
wild rel,0.0,0.0,0.0,0.0,0.0,0.0,0.0,0.0,0.0,1.0
wild speci,0.0,0.0,0.0,0.0,0.0,0.0,0.0,0.0,0.0,1.0
wild tree,0.0,0.0,0.0,0.0,0.0,0.0,0.0,0.0,0.0,1.0
wild week,0.0,0.0,0.0,0.0,0.0,0.0,0.0,1.0,0.0,0.0
win locat,0.0,0.0,0.0,0.0,0.0,0.0,1.0,0.0,0.0,0.0
win prime,0.0,0.0,0.0,1.0,1.0,1.0,0.0,0.0,0.0,0.0
wind heavi,0.0,1.0,0.0,0.0,0.0,0.0,0.0,0.0,0.0,0.0
wind respect,0.0,0.0,0.0,0.0,0.0,0.0,0.0,1.0,0.0,0.0
winner ukrain,0.0,0.0,0.0,0.0,0.0,0.0,1.0,0.0,0.0,0.0
wipe £,0.0,0.0,1.0,0.0,0.0,0.0,0.0,0.0,0.0,0.0
within week,0.0,0.0,0.0,0.0,0.0,0.0,1.0,0.0,0.0,0.0
without peopl,0.0,0.0,0.0,0.0,0.0,0.0,0.0,0.0,0.0,1.0
work astronaut,0.0,1.0,0.0,0.0,0.0,0.0,0.0,0.0,0.0,0.0
work countri,0.0,0.0,0.0,0.0,0.0,0.0,0.0,0.0,0.0,1.0
work efron,0.0,0.0,0.0,0.0,0.0,0.0,0.0,0.0,1.0,0.0
work farmvil,0.0,0.0,1.0,0.0,0.0,0.0,0.0,0.0,0.0,0.0
work part,0.0,0.0,0.0,0.0,0.0,0.0,0.0,0.0,1.0,0.0
work studi,0.0,0.0,0.0,0.0,0.0,0.0,0.0,0.0,0.0,1.0
workshop protect,0.0,1.0,0.0,0.0,0.0,0.0,0.0,0.0,0.0,0.0
world class,0.0,0.0,1.0,0.0,0.0,0.0,0.0,0.0,0.0,0.0
world deliv,0.0,0.0,0.0,0.0,0.0,0.0,0.0,0.0,1.0,0.0
world rais,1.0,0.0,0.0,0.0,0.0,0.0,0.0,0.0,0.0,0.0
worri darl,0.0,0.0,0.0,0.0,0.0,0.0,0.0,3.0,0.0,0.0
worst storm,0.0,1.0,0.0,0.0,0.0,0.0,0.0,0.0,0.0,0.0
worth look,0.0,0.0,0.0,0.0,0.0,0.0,0.0,0.0,1.0,0.0
would take,0.0,1.0,0.0,0.0,0.0,0.0,0.0,0.0,0.0,0.0
written real,0.0,0.0,0.0,0.0,0.0,0.0,0.0,0.0,1.0,0.0
x featur,0.0,0.0,0.0,0.0,0.0,0.0,0.0,1.0,0.0,0.0
yanke justin,0.0,0.0,0.0,0.0,0.0,0.0,0.0,1.0,0.0,0.0
year ago,0.0,0.0,0.0,1.0,1.0,1.0,0.0,0.0,0.0,0.0
year appl,0.0,0.0,0.0,1.0,1.0,1.0,0.0,0.0,0.0,0.0
year eurovis,0.0,0.0,0.0,0.0,0.0,0.0,1.0,0.0,0.0,0.0
year marin,0.0,0.0,0.0,0.0,0.0,0.0,0.0,0.0,1.0,0.0
year market,0.0,0.0,0.0,1.0,1.0,1.0,0.0,0.0,0.0,0.0
year show,0.0,0.0,0.0,0.0,0.0,0.0,1.0,0.0,0.0,0.0
year winner,0.0,0.0,0.0,0.0,0.0,0.0,1.0,0.0,0.0,0.0
yorker set,0.0,0.0,0.0,0.0,0.0,0.0,0.0,0.0,1.0,0.0
young stupid,0.0,0.0,0.0,0.0,0.0,0.0,0.0,0.0,1.0,0.0
zac efron,0.0,0.0,0.0,0.0,0.0,0.0,0.0,0.0,2.0,0.0
zero covid,0.0,0.0,0.0,1.0,1.0,1.0,0.0,0.0,0.0,0.0
zurich work,0.0,0.0,0.0,0.0,0.0,0.0,0.0,0.0,0.0,1.0
zynga electron,0.0,0.0,1.0,0.0,0.0,0.0,0.0,0.0,0.0,0.0
zynga studio,0.0,0.0,1.0,0.0,0.0,0.0,0.0,0.0,0.0,0.0
£ firm,0.0,0.0,1.0,0.0,0.0,0.0,0.0,0.0,0.0,0.0
£ open,0.0,0.0,0.0,0.0,0.0,0.0,0.0,1.0,0.0,0.0
£ vietnam,0.0,0.0,0.0,1.0,1.0,1.0,0.0,0.0,0.0,0.0
